task,theorem,source_file,proof_found,steps_kind,steps,max_depth,transitive_deps,deps_seed_size,obligations,composer_gt_proof_steps,composer_verdict,deps_error,obligations_error
Allocator/Allocator_AllocateMutex.tla,AllocateMutex,source/Allocator/Allocator.tla,True,Structured,25,2,4,4,79,25,FAIL,,
Allocator/Allocator_AllocateTypeInvariant.tla,AllocateTypeInvariant,source/Allocator/Allocator.tla,True,Direct,0,0,3,2,1,0,PASS,,
Allocator/Allocator_InitMutex.tla,InitMutex,source/Allocator/Allocator.tla,True,Direct,0,0,2,2,1,0,PASS,,
Allocator/Allocator_InitTypeInvariant.tla,InitTypeInvariant,source/Allocator/Allocator.tla,True,Direct,0,0,2,2,1,0,PASS,,
Allocator/Allocator_NextMutex.tla,NextMutex,source/Allocator/Allocator.tla,True,Direct,0,0,10,4,4,0,PASS,,
Allocator/Allocator_NextTypeInvariant.tla,NextTypeInvariant,source/Allocator/Allocator.tla,True,Structured,4,2,9,4,10,4,PASS,,
Allocator/Allocator_RequestMutexBis.tla,RequestMutexBis,source/Allocator/Allocator.tla,True,Direct,0,0,2,2,1,0,PASS,,
Allocator/Allocator_RequestTypeInvariant.tla,RequestTypeInvariant,source/Allocator/Allocator.tla,True,Direct,0,0,2,2,1,0,PASS,,
Allocator/Allocator_ReturnMutex.tla,ReturnMutex,source/Allocator/Allocator.tla,True,Structured,4,1,3,3,9,4,PASS,,
Allocator/Allocator_ReturnTypeInvariant.tla,ReturnTypeInvariant,source/Allocator/Allocator.tla,True,Direct,0,0,2,2,1,0,PASS,,
AtomicBakery/AtomicBakeryWithoutSMT_AfterPrime.tla,AfterPrime,source/AtomicBakery/AtomicBakeryWithoutSMT.tla,True,Direct,0,0,2,2,1,0,FAIL,,
AtomicBakery/AtomicBakeryWithoutSMT_GGIrreflexive.tla,GGIrreflexive,source/AtomicBakery/AtomicBakeryWithoutSMT.tla,True,Structured,8,2,4,7,23,8,FAIL,,
AtomicBakery/AtomicBakeryWithoutSMT_InductiveInvariant.tla,InductiveInvariant,source/AtomicBakery/AtomicBakeryWithoutSMT.tla,True,Structured,137,9,26,32,248,137,FAIL,,
AtomicBakery/AtomicBakeryWithoutSMT_InitImpliesTypeOK.tla,InitImpliesTypeOK,source/AtomicBakery/AtomicBakeryWithoutSMT.tla,True,Structured,5,1,2,2,9,5,FAIL,,
AtomicBakery/AtomicBakeryWithoutSMT_InitInv.tla,InitInv,source/AtomicBakery/AtomicBakeryWithoutSMT.tla,True,Direct,0,0,7,4,2,0,FAIL,,
AtomicBakery/AtomicBakeryWithoutSMT_InvExclusion.tla,InvExclusion,source/AtomicBakery/AtomicBakeryWithoutSMT.tla,True,Direct,0,0,6,4,1,0,FAIL,,
AtomicBakery/AtomicBakeryWithoutSMT_Safety.tla,Safety,source/AtomicBakery/AtomicBakeryWithoutSMT.tla,True,Structured,2,1,33,10,7,2,FAIL,,
AtomicBakery/AtomicBakeryWithoutSMT_TypeOKInvariant.tla,TypeOKInvariant,source/AtomicBakery/AtomicBakeryWithoutSMT.tla,True,Structured,21,3,13,15,49,21,FAIL,,
BubbleSort/BubbleSort_CompositionAssociative.tla,CompositionAssociative,source/BubbleSort/BubbleSort.tla,True,Direct,0,0,0,0,2,0,PASS,,
BubbleSort/BubbleSort_CompositionOfPerms.tla,CompositionOfPerms,source/BubbleSort/BubbleSort.tla,True,Direct,0,0,1,1,1,0,PASS,,
BubbleSort/BubbleSort_ExchangeAPerm.tla,ExchangeAPerm,source/BubbleSort/BubbleSort.tla,True,Direct,0,0,3,3,2,0,PASS,,
BubbleSort/BubbleSort_IdAPerm.tla,IdAPerm,source/BubbleSort/BubbleSort.tla,True,Direct,0,0,2,2,2,0,PASS,,
BubbleSort/BubbleSort_IdIdentity.tla,IdIdentity,source/BubbleSort/BubbleSort.tla,True,Direct,0,0,1,1,2,0,PASS,,
BubbleSort/BubbleSort_IsPermOfExchange.tla,IsPermOfExchange,source/BubbleSort/BubbleSort.tla,True,Structured,4,1,6,4,6,4,PASS,,
BubbleSort/BubbleSort_IsPermOfReflexive.tla,IsPermOfReflexive,source/BubbleSort/BubbleSort.tla,True,Direct,0,0,6,4,4,0,PASS,,
BubbleSort/BubbleSort_IsPermOfTransitive.tla,IsPermOfTransitive,source/BubbleSort/BubbleSort.tla,True,Structured,6,1,5,4,15,6,PASS,,
Cantor/Cantor10_Cantor.tla,Cantor,source/Cantor/Cantor10.tla,True,Structured,3,1,0,0,7,9,PASS,,
Cantor/Cantor10_NoSetContainsAllValues.tla,NoSetContainsAllValues,source/Cantor/Cantor10.tla,True,Structured,6,2,1,1,9,6,PASS,,
Cantor/Cantor1_cantor.tla,cantor,source/Cantor/Cantor1.tla,True,Structured,6,1,0,4,13,16,PASS,,
Cantor/Cantor2_cantor.tla,cantor,source/Cantor/Cantor2.tla,True,Structured,12,2,0,0,19,16,PASS,,
Cantor/Cantor3_cantor.tla,cantor,source/Cantor/Cantor3.tla,True,Structured,16,5,0,0,22,16,PASS,,
Cantor/Cantor4_cantor.tla,cantor,source/Cantor/Cantor4.tla,True,Structured,14,3,0,0,24,16,PASS,,
Cantor/Cantor5_cantor.tla,cantor,source/Cantor/Cantor5.tla,True,Structured,4,2,0,0,8,16,PASS,,
Cantor/Cantor6_cantor.tla,cantor,source/Cantor/Cantor6.tla,True,Structured,4,1,0,0,10,16,PASS,,
Cantor/Cantor7_cantor.tla,cantor,source/Cantor/Cantor7.tla,True,Structured,3,1,0,0,7,16,PASS,,
Cantor/Cantor8_Cantor.tla,Cantor,source/Cantor/Cantor8.tla,True,Structured,9,3,2,2,12,9,PASS,,
Cantor/Cantor9_Cantor.tla,Cantor,source/Cantor/Cantor9.tla,True,Structured,8,2,2,2,11,9,PASS,,
Consensus/Consensus_Invariance.tla,Invariance,source/Consensus/Consensus.tla,True,Structured,3,1,10,6,10,3,FAIL,,
Consensus/PaxosProof_WFmsgs.tla,WFmsgs,source/Consensus/PaxosProof.tla,True,Direct,0,0,5,4,2,0,PASS,,
Consensus/PaxosProof_struct_lemma.tla,struct_lemma,source/Consensus/PaxosProof.tla,True,Structured,4,1,23,9,7,4,FAIL,,
Consensus/PaxosProof_typing.tla,typing,source/Consensus/PaxosProof.tla,True,Structured,5,1,18,4,7,5,PASS,,
Consensus/Voting_AllSafeAtZero.tla,AllSafeAtZero,source/Consensus/Voting.tla,True,Direct,0,0,5,1,1,0,PASS,,
Consensus/Voting_ChoosableThm.tla,ChoosableThm,source/Consensus/Voting.tla,True,Direct,0,0,5,2,1,0,PASS,,
Consensus/Voting_Consistent.tla,Consistent,source/Consensus/Voting.tla,True,Structured,5,2,25,6,8,5,PASS,,
Consensus/Voting_Invariant.tla,Invariant,source/Consensus/Voting.tla,True,Structured,36,6,18,18,73,36,PASS,,
Consensus/Voting_OneVoteThm.tla,OneVoteThm,source/Consensus/Voting.tla,True,Direct,0,0,4,2,1,0,PASS,,
Consensus/Voting_QuorumNonEmpty.tla,QuorumNonEmpty,source/Consensus/Voting.tla,True,Direct,0,0,0,1,2,0,PASS,,
Consensus/Voting_Refinement.tla,Refinement,source/Consensus/Voting.tla,True,Structured,10,3,26,18,25,10,FAIL,,
Consensus/Voting_ShowsSafety.tla,ShowsSafety,source/Consensus/Voting.tla,True,Direct,0,0,10,10,3,0,PASS,,
Consensus/Voting_VotesSafeImpliesConsistency.tla,VotesSafeImpliesConsistency,source/Consensus/Voting.tla,True,Structured,6,2,10,10,20,6,PASS,,
Data/GraphTheorem_AtLeastTwo.tla,AtLeastTwo,source/Data/GraphTheorem.tla,True,Direct,0,0,2,3,4,0,PASS,,
Data/GraphTheorem_EdgesAxiom.tla,EdgesAxiom,source/Data/GraphTheorem.tla,True,Direct,0,0,1,3,2,0,PASS,,
Data/SequencesTheorems_RemoveSeq.tla,RemoveSeq,source/Data/SequencesTheorems.tla,True,Structured,9,2,2,4,23,9,PASS,,
Data/Sets_CardinalityInNat.tla,CardinalityInNat,source/Data/Sets.tla,True,Direct,0,0,0,1,2,0,PASS,,
Data/Sets_CardinalityOne.tla,CardinalityOne,source/Data/Sets.tla,True,Direct,0,0,5,4,4,0,PASS,,
Data/Sets_CardinalityOneConverse.tla,CardinalityOneConverse,source/Data/Sets.tla,True,Structured,3,1,1,2,8,3,PASS,,
Data/Sets_CardinalityPlusOne.tla,CardinalityPlusOne,source/Data/Sets.tla,True,Structured,5,1,3,4,12,5,PASS,,
Data/Sets_CardinalitySetMinus.tla,CardinalitySetMinus,source/Data/Sets.tla,True,Structured,20,4,4,6,44,20,FAIL,,
Data/Sets_CardinalityTwo.tla,CardinalityTwo,source/Data/Sets.tla,True,Direct,0,0,6,4,4,0,PASS,,
Data/Sets_CardinalityZero.tla,CardinalityZero,source/Data/Sets.tla,True,Structured,5,2,2,3,12,5,PASS,,
Data/Sets_FiniteSubset.tla,FiniteSubset,source/Data/Sets.tla,True,Structured,22,3,6,8,53,22,FAIL,,
Data/Sets_IntervalCardinality.tla,IntervalCardinality,source/Data/Sets.tla,True,Structured,8,2,3,6,19,8,PASS,,
Data/Sets_IsBijectionInverse.tla,IsBijectionInverse,source/Data/Sets.tla,True,Structured,2,1,1,1,2,2,PASS,,
Data/Sets_IsBijectionTransitive.tla,IsBijectionTransitive,source/Data/Sets.tla,True,Structured,2,1,1,1,4,2,PASS,,
Data/Sets_PigeonHole.tla,PigeonHole,source/Data/Sets.tla,True,Structured,22,4,5,7,41,22,FAIL,,
EWD840/EWD840_Inv_implies_Termination.tla,Inv_implies_Termination,source/EWD840/EWD840.tla,True,Structured,11,3,4,6,25,11,PASS,,
EWD840/EWD840_TypeOK_inv.tla,TypeOK_inv,source/EWD840/EWD840.tla,True,Structured,3,1,14,14,8,3,PASS,,
Euclid/Euclid_Correctness.tla,Correctness,source/Euclid/Euclid-TLAPS-Example/Euclid.tla,True,Structured,4,1,12,6,12,,PASS,,
Euclid/Euclid_InitProperty.tla,InitProperty,source/Euclid/Euclid-TLAPS-Example/Euclid.tla,True,Direct,0,0,7,3,2,,PASS,,
Euclid/Euclid_NextProperty.tla,NextProperty,source/Euclid/Euclid-TLAPS-Example/Euclid.tla,True,Structured,11,2,7,5,25,,PASS,,
Euclid/GCD_GCD1.tla,GCD1,source/Euclid/Euclid-Hyperbook/GCD.tla,True,Structured,4,1,4,4,6,,PASS,,
Euclid/GCD_GCD2.tla,GCD2,source/Euclid/Euclid-Hyperbook/GCD.tla,True,Direct,0,0,4,1,1,,PASS,,
Euclid/GCD_GCD3.tla,GCD3,source/Euclid/Euclid-Hyperbook/GCD.tla,True,Structured,3,1,4,4,3,,PASS,,
OpenAddressing/OpenAddressing_proof_CompleteSafety.tla,,,False,,,,,,,,PASS,,
Paxos/PaxosHistVar_Consistent.tla,Consistent,source/Paxos/PaxosHistVar.tla,True,Structured,11,3,26,12,28,14,FAIL,,
Paxos/PaxosHistVar_Invariant.tla,Invariant,source/Paxos/PaxosHistVar.tla,True,Structured,57,7,22,28,115,78,PASS,,
Paxos/PaxosHistVar_SafeAtStable.tla,SafeAtStable,source/Paxos/PaxosHistVar.tla,True,Structured,17,3,16,20,47,21,PASS,,
Paxos/PaxosHistVar_VotedInv.tla,VotedInv,source/Paxos/PaxosHistVar.tla,True,Direct,0,0,8,4,1,0,PASS,,
Paxos/PaxosHistVar_VotedOnce.tla,VotedOnce,source/Paxos/PaxosHistVar.tla,True,Direct,0,0,4,2,1,0,PASS,,
Paxos/Paxos_Consistent.tla,Consistent,source/Paxos/Paxos.tla,True,Structured,11,3,28,13,29,14,PASS,,
Paxos/Paxos_Invariant.tla,Invariant,source/Paxos/Paxos.tla,True,Structured,73,7,23,23,169,78,FAIL,,
Paxos/Paxos_NoneNotAValue.tla,NoneNotAValue,source/Paxos/Paxos.tla,True,Direct,0,0,1,2,2,0,PASS,,
Paxos/Paxos_QuorumNonEmpty.tla,QuorumNonEmpty,source/Paxos/Paxos.tla,True,Direct,0,0,0,1,2,0,PASS,,
Paxos/Paxos_Refinement.tla,Refinement,source/Paxos/Paxos.tla,True,Structured,8,2,30,20,19,8,FAIL,,
Paxos/Paxos_SafeAtStable.tla,SafeAtStable,source/Paxos/Paxos.tla,True,Structured,21,4,16,15,47,21,FAIL,,
Paxos/Paxos_VotedInv.tla,VotedInv,source/Paxos/Paxos.tla,True,Direct,0,0,8,4,1,0,PASS,,
Paxos/Paxos_VotedOnce.tla,VotedOnce,source/Paxos/Paxos.tla,True,Direct,0,0,6,2,1,0,PASS,,
SimpleMutex/SimpleMutex_Initialization.tla,Initialization,source/SimpleMutex/SimpleMutex.tla,True,Direct,0,0,4,4,1,0,PASS,,
SimpleMutex/SimpleMutex_Invariance.tla,Invariance,source/SimpleMutex/SimpleMutex.tla,True,Structured,13,3,9,11,39,13,PASS,,
SimpleMutex/SimpleMutex_Mutex.tla,Mutex,source/SimpleMutex/SimpleMutex.tla,True,Direct,0,0,2,2,1,0,PASS,,
SimpleMutex/SimpleMutex_Safety.tla,Safety,source/SimpleMutex/SimpleMutex.tla,True,Direct,0,0,16,4,5,0,PASS,,
SimpleMutex/SimpleMutex_TLAInvariance.tla,TLAInvariance,source/SimpleMutex/SimpleMutex.tla,True,Direct,0,0,10,7,2,0,PASS,,
apalache_examples_ben-or83/Ben_or83_proofs_ALL_Card.tla,ALL_Card,source/apalache_examples_ben-or83/Ben_or83_proofs.tla,True,Structured,4,1,1,8,16,,,,
apalache_examples_ben-or83/Ben_or83_proofs_Agreement.tla,Agreement,source/apalache_examples_ben-or83/Ben_or83_proofs.tla,True,Structured,18,2,106,7,50,,,,
apalache_examples_ben-or83/Ben_or83_proofs_Arith_DiffPos.tla,Arith_DiffPos,source/apalache_examples_ben-or83/Ben_or83_proofs.tla,True,Direct,0,0,0,2,3,,,,
apalache_examples_ben-or83/Ben_or83_proofs_Arith_DoubleGtNplusTImplGt3T.tla,Arith_DoubleGtNplusTImplGt3T,source/apalache_examples_ben-or83/Ben_or83_proofs.tla,True,Direct,0,0,0,3,4,,,,
apalache_examples_ben-or83/Ben_or83_proofs_Arith_DoubleGtNplusTImplTplusOne.tla,Arith_DoubleGtNplusTImplTplusOne,source/apalache_examples_ben-or83/Ben_or83_proofs.tla,True,Direct,0,0,0,3,4,,,,
apalache_examples_ben-or83/Ben_or83_proofs_Arith_DoubleLeFromNotGtMono.tla,Arith_DoubleLeFromNotGtMono,source/apalache_examples_ben-or83/Ben_or83_proofs.tla,True,Direct,0,0,0,1,2,,,,
apalache_examples_ben-or83/Ben_or83_proofs_Arith_DoubleLtTplusOneLeNplusT.tla,Arith_DoubleLtTplusOneLeNplusT,source/apalache_examples_ben-or83/Ben_or83_proofs.tla,True,Direct,0,0,0,3,4,,,,
apalache_examples_ben-or83/Ben_or83_proofs_Arith_DoubleNotGtLe.tla,Arith_DoubleNotGtLe,source/apalache_examples_ben-or83/Ben_or83_proofs.tla,True,Direct,0,0,0,1,2,,,,
apalache_examples_ben-or83/Ben_or83_proofs_Arith_NotAllFaulty.tla,Arith_NotAllFaulty,source/apalache_examples_ben-or83/Ben_or83_proofs.tla,True,Direct,0,0,0,3,4,,,,
apalache_examples_ben-or83/Ben_or83_proofs_Arith_NotLtTplusOneGe.tla,Arith_NotLtTplusOneGe,source/apalache_examples_ben-or83/Ben_or83_proofs.tla,True,Direct,0,0,0,2,3,,,,
apalache_examples_ben-or83/Ben_or83_proofs_Arith_OtherLtFromStrictOverlap.tla,Arith_OtherLtFromStrictOverlap,source/apalache_examples_ben-or83/Ben_or83_proofs.tla,True,Structured,3,1,2,4,9,,,,
apalache_examples_ben-or83/Ben_or83_proofs_Arith_SupportedQuorumGeContrad.tla,Arith_SupportedQuorumGeContrad,source/apalache_examples_ben-or83/Ben_or83_proofs.tla,True,Structured,4,1,0,3,14,,,,
apalache_examples_ben-or83/Ben_or83_proofs_Arith_TplusOneNotFaulty.tla,Arith_TplusOneNotFaulty,source/apalache_examples_ben-or83/Ben_or83_proofs.tla,True,Direct,0,0,0,2,3,,,,
apalache_examples_ben-or83/Ben_or83_proofs_CardUnion2LeSum.tla,CardUnion2LeSum,source/apalache_examples_ben-or83/Ben_or83_proofs.tla,True,Structured,5,1,1,4,15,,,,
apalache_examples_ben-or83/Ben_or83_proofs_CardUnion3LeSum.tla,CardUnion3LeSum,source/apalache_examples_ben-or83/Ben_or83_proofs.tla,True,Structured,10,1,1,5,34,,,,
apalache_examples_ben-or83/Ben_or83_proofs_CorrectD2Exists.tla,CorrectD2Exists,source/apalache_examples_ben-or83/Ben_or83_proofs.tla,True,Structured,21,2,22,12,53,,,,
apalache_examples_ben-or83/Ben_or83_proofs_CrossRoundStrictQuorum.tla,CrossRoundStrictQuorum,source/apalache_examples_ben-or83/Ben_or83_proofs.tla,True,Structured,2,1,100,2,5,,,,
apalache_examples_ben-or83/Ben_or83_proofs_D2Fixed_CardLeSenders.tla,D2Fixed_CardLeSenders,source/apalache_examples_ben-or83/Ben_or83_proofs.tla,True,Structured,6,2,5,7,11,,,,
apalache_examples_ben-or83/Ben_or83_proofs_D2PSetFinite.tla,D2PSetFinite,source/apalache_examples_ben-or83/Ben_or83_proofs.tla,True,Structured,7,1,16,9,19,,,,
apalache_examples_ben-or83/Ben_or83_proofs_D2SetFinite.tla,D2SetFinite,source/apalache_examples_ben-or83/Ben_or83_proofs.tla,True,Structured,7,1,16,9,19,,,,
apalache_examples_ben-or83/Ben_or83_proofs_DQuorumDominatesMajorityD.tla,DQuorumDominatesMajorityD,source/apalache_examples_ben-or83/Ben_or83_proofs.tla,True,Structured,15,2,50,14,38,,,,
apalache_examples_ben-or83/Ben_or83_proofs_DQuorumDominatesSupported.tla,DQuorumDominatesSupported,source/apalache_examples_ben-or83/Ben_or83_proofs.tla,True,Structured,16,2,49,15,40,,,,
apalache_examples_ben-or83/Ben_or83_proofs_DvFaultyMono.tla,DvFaultyMono,source/apalache_examples_ben-or83/Ben_or83_proofs.tla,True,Structured,5,1,31,5,13,,,,
apalache_examples_ben-or83/Ben_or83_proofs_DvInjective.tla,DvInjective,source/apalache_examples_ben-or83/Ben_or83_proofs.tla,True,Direct,0,0,2,3,3,,,,
apalache_examples_ben-or83/Ben_or83_proofs_DvPInjective.tla,DvPInjective,source/apalache_examples_ben-or83/Ben_or83_proofs.tla,True,Direct,0,0,2,3,3,,,,
apalache_examples_ben-or83/Ben_or83_proofs_DvPSenderWitness.tla,DvPSenderWitness,source/apalache_examples_ben-or83/Ben_or83_proofs.tla,True,Structured,2,1,3,3,5,,,,
apalache_examples_ben-or83/Ben_or83_proofs_DvSenderWitness.tla,DvSenderWitness,source/apalache_examples_ben-or83/Ben_or83_proofs.tla,True,Structured,4,1,4,3,9,,,,
apalache_examples_ben-or83/Ben_or83_proofs_DvStep2Mono.tla,DvStep2Mono,source/apalache_examples_ben-or83/Ben_or83_proofs.tla,True,Structured,10,1,21,8,30,,,,
apalache_examples_ben-or83/Ben_or83_proofs_EarlyMajorityM1HasCorrect.tla,EarlyMajorityM1HasCorrect,source/apalache_examples_ben-or83/Ben_or83_proofs.tla,True,Structured,6,1,8,6,15,,,,
apalache_examples_ben-or83/Ben_or83_proofs_EarlyTplusOneHasCorrect.tla,EarlyTplusOneHasCorrect,source/apalache_examples_ben-or83/Ben_or83_proofs.tla,True,Structured,10,2,4,7,23,,,,
apalache_examples_ben-or83/Ben_or83_proofs_FaultyBound.tla,FaultyBound,source/apalache_examples_ben-or83/Ben_or83_proofs.tla,True,Direct,0,0,0,3,4,,,,
apalache_examples_ben-or83/Ben_or83_proofs_FaultyD2Bound.tla,FaultyD2Bound,source/apalache_examples_ben-or83/Ben_or83_proofs.tla,True,Structured,5,1,3,8,13,,,,
apalache_examples_ben-or83/Ben_or83_proofs_FaultyD2Injective.tla,FaultyD2Injective,source/apalache_examples_ben-or83/Ben_or83_proofs.tla,True,Direct,0,0,2,3,3,,,,
apalache_examples_ben-or83/Ben_or83_proofs_FaultyMsgs2AddedFaulty.tla,FaultyMsgs2AddedFaulty,source/apalache_examples_ben-or83/Ben_or83_proofs.tla,True,Structured,7,2,3,3,15,,,,
apalache_examples_ben-or83/Ben_or83_proofs_FaultyStepProps.tla,FaultyStepProps,source/apalache_examples_ben-or83/Ben_or83_proofs.tla,True,Structured,17,2,13,9,45,,,,
apalache_examples_ben-or83/Ben_or83_proofs_HighWeightReceivedL11Witness.tla,HighWeightReceivedL11Witness,source/apalache_examples_ben-or83/Ben_or83_proofs.tla,True,Structured,62,4,80,32,209,,,,
apalache_examples_ben-or83/Ben_or83_proofs_Inductive.tla,Inductive,source/apalache_examples_ben-or83/Ben_or83_proofs.tla,True,Direct,0,0,263,15,15,,,,
apalache_examples_ben-or83/Ben_or83_proofs_InitInd.tla,InitInd,source/apalache_examples_ben-or83/Ben_or83_proofs.tla,True,Structured,48,3,23,21,97,,,,
apalache_examples_ben-or83/Ben_or83_proofs_LaterQuorumGivesTotalBefore.tla,LaterQuorumGivesTotalBefore,source/apalache_examples_ben-or83/Ben_or83_proofs.tla,True,Structured,26,3,42,15,60,,,,
apalache_examples_ben-or83/Ben_or83_proofs_Lemma3_D2D2SameCorrect.tla,Lemma3_D2D2SameCorrect,source/apalache_examples_ben-or83/Ben_or83_proofs.tla,True,Direct,0,0,1,1,1,,,,
apalache_examples_ben-or83/Ben_or83_proofs_Lemma3_Q2D2Faulty.tla,Lemma3_Q2D2Faulty,source/apalache_examples_ben-or83/Ben_or83_proofs.tla,True,Direct,0,0,1,1,1,,,,
apalache_examples_ben-or83/Ben_or83_proofs_LockLemma.tla,LockLemma,source/apalache_examples_ben-or83/Ben_or83_proofs.tla,True,Structured,13,4,101,1,19,,,,
apalache_examples_ben-or83/Ben_or83_proofs_LockedFullCorrectType2Strict.tla,LockedFullCorrectType2Strict,source/apalache_examples_ben-or83/Ben_or83_proofs.tla,True,Structured,49,4,44,27,140,,,,
apalache_examples_ben-or83/Ben_or83_proofs_LockedNextCorrectD2Value.tla,LockedNextCorrectD2Value,source/apalache_examples_ben-or83/Ben_or83_proofs.tla,True,Structured,9,1,71,6,22,,,,
apalache_examples_ben-or83/Ben_or83_proofs_LockedNextNoCorrectQ2.tla,LockedNextNoCorrectQ2,source/apalache_examples_ben-or83/Ben_or83_proofs.tla,True,Structured,37,4,67,15,82,,,,
apalache_examples_ben-or83/Ben_or83_proofs_LockedReceiveCorrectType2Strict.tla,LockedReceiveCorrectType2Strict,source/apalache_examples_ben-or83/Ben_or83_proofs.tla,True,Structured,33,4,8,16,79,,,,
apalache_examples_ben-or83/Ben_or83_proofs_LockedReceiveStrictD.tla,LockedReceiveStrictD,source/apalache_examples_ben-or83/Ben_or83_proofs.tla,True,Structured,12,1,87,9,38,,,,
apalache_examples_ben-or83/Ben_or83_proofs_LowWeightsReceivedL11Witness.tla,LowWeightsReceivedL11Witness,source/apalache_examples_ben-or83/Ben_or83_proofs.tla,True,Structured,35,1,49,25,122,,,,
apalache_examples_ben-or83/Ben_or83_proofs_LowWeightsReceivedL8Witness.tla,LowWeightsReceivedL8Witness,source/apalache_examples_ben-or83/Ben_or83_proofs.tla,True,Structured,70,4,10,11,177,,,,
apalache_examples_ben-or83/Ben_or83_proofs_LowWeightsSupportedEmpty.tla,LowWeightsSupportedEmpty,source/apalache_examples_ben-or83/Ben_or83_proofs.tla,True,Structured,11,2,11,7,25,,,,
apalache_examples_ben-or83/Ben_or83_proofs_MajCardBound.tla,MajCardBound,source/apalache_examples_ben-or83/Ben_or83_proofs.tla,True,Structured,15,1,3,5,50,,,,
apalache_examples_ben-or83/Ben_or83_proofs_MajorityIntersect.tla,MajorityIntersect,source/apalache_examples_ben-or83/Ben_or83_proofs.tla,True,Structured,11,2,5,9,27,,,,
apalache_examples_ben-or83/Ben_or83_proofs_MajorityM1HasCorrect.tla,MajorityM1HasCorrect,source/apalache_examples_ben-or83/Ben_or83_proofs.tla,True,Structured,6,1,8,6,15,,,,
apalache_examples_ben-or83/Ben_or83_proofs_Msgs1AddOneRep.tla,Msgs1AddOneRep,source/apalache_examples_ben-or83/Ben_or83_proofs.tla,True,Structured,12,3,1,4,19,,,,
apalache_examples_ben-or83/Ben_or83_proofs_Msgs1DomR.tla,Msgs1DomR,source/apalache_examples_ben-or83/Ben_or83_proofs.tla,True,Structured,2,1,1,1,3,,,,
apalache_examples_ben-or83/Ben_or83_proofs_Msgs1Shape.tla,Msgs1Shape,source/apalache_examples_ben-or83/Ben_or83_proofs.tla,True,Structured,3,1,1,1,5,,,,
apalache_examples_ben-or83/Ben_or83_proofs_Msgs2AddDRep.tla,Msgs2AddDRep,source/apalache_examples_ben-or83/Ben_or83_proofs.tla,True,Structured,12,3,1,5,21,,,,
apalache_examples_ben-or83/Ben_or83_proofs_Msgs2AddQRep.tla,Msgs2AddQRep,source/apalache_examples_ben-or83/Ben_or83_proofs.tla,True,Structured,12,3,1,5,21,,,,
apalache_examples_ben-or83/Ben_or83_proofs_Msgs2Decomp.tla,Msgs2Decomp,source/apalache_examples_ben-or83/Ben_or83_proofs.tla,True,Structured,4,1,4,2,8,,,,
apalache_examples_ben-or83/Ben_or83_proofs_Msgs2DomR.tla,Msgs2DomR,source/apalache_examples_ben-or83/Ben_or83_proofs.tla,True,Structured,2,1,1,1,3,,,,
apalache_examples_ben-or83/Ben_or83_proofs_Msgs2FaultyMono.tla,Msgs2FaultyMono,source/apalache_examples_ben-or83/Ben_or83_proofs.tla,True,Structured,5,1,44,3,13,,,,
apalache_examples_ben-or83/Ben_or83_proofs_Msgs2Finite.tla,Msgs2Finite,source/apalache_examples_ben-or83/Ben_or83_proofs.tla,True,Structured,9,1,31,9,25,,,,
apalache_examples_ben-or83/Ben_or83_proofs_Msgs2PrimeDecomp.tla,Msgs2PrimeDecomp,source/apalache_examples_ben-or83/Ben_or83_proofs.tla,True,Structured,4,1,4,2,8,,,,
apalache_examples_ben-or83/Ben_or83_proofs_Msgs2PrimeFinite.tla,Msgs2PrimeFinite,source/apalache_examples_ben-or83/Ben_or83_proofs.tla,True,Structured,9,1,31,9,25,,,,
apalache_examples_ben-or83/Ben_or83_proofs_Msgs2PrimeQSrcInAll.tla,Msgs2PrimeQSrcInAll,source/apalache_examples_ben-or83/Ben_or83_proofs.tla,True,Direct,0,0,7,2,3,,,,
apalache_examples_ben-or83/Ben_or83_proofs_Msgs2PrimeRShape.tla,Msgs2PrimeRShape,source/apalache_examples_ben-or83/Ben_or83_proofs.tla,True,Direct,0,0,7,2,3,,,,
apalache_examples_ben-or83/Ben_or83_proofs_Msgs2PrimeShape.tla,Msgs2PrimeShape,source/apalache_examples_ben-or83/Ben_or83_proofs.tla,True,Direct,0,0,7,2,3,,,,
apalache_examples_ben-or83/Ben_or83_proofs_Msgs2PrimeSrcInAll.tla,Msgs2PrimeSrcInAll,source/apalache_examples_ben-or83/Ben_or83_proofs.tla,True,Direct,0,0,7,2,3,,,,
apalache_examples_ben-or83/Ben_or83_proofs_Msgs2PrimeVInValues.tla,Msgs2PrimeVInValues,source/apalache_examples_ben-or83/Ben_or83_proofs.tla,True,Direct,0,0,7,2,3,,,,
apalache_examples_ben-or83/Ben_or83_proofs_Msgs2QSrcInAll.tla,Msgs2QSrcInAll,source/apalache_examples_ben-or83/Ben_or83_proofs.tla,True,Direct,0,0,7,2,3,,,,
apalache_examples_ben-or83/Ben_or83_proofs_Msgs2RShape.tla,Msgs2RShape,source/apalache_examples_ben-or83/Ben_or83_proofs.tla,True,Direct,0,0,7,2,3,,,,
apalache_examples_ben-or83/Ben_or83_proofs_Msgs2SenderPartitionBound.tla,Msgs2SenderPartitionBound,source/apalache_examples_ben-or83/Ben_or83_proofs.tla,True,Structured,20,1,42,19,71,,,,
apalache_examples_ben-or83/Ben_or83_proofs_Msgs2Shape.tla,Msgs2Shape,source/apalache_examples_ben-or83/Ben_or83_proofs.tla,True,Direct,0,0,7,2,3,,,,
apalache_examples_ben-or83/Ben_or83_proofs_Msgs2SrcInAll.tla,Msgs2SrcInAll,source/apalache_examples_ben-or83/Ben_or83_proofs.tla,True,Direct,0,0,7,2,3,,,,
apalache_examples_ben-or83/Ben_or83_proofs_Msgs2Step2Mono.tla,Msgs2Step2Mono,source/apalache_examples_ben-or83/Ben_or83_proofs.tla,True,Structured,10,1,35,7,30,,,,
apalache_examples_ben-or83/Ben_or83_proofs_Msgs2VInValues.tla,Msgs2VInValues,source/apalache_examples_ben-or83/Ben_or83_proofs.tla,True,Direct,0,0,7,2,3,,,,
apalache_examples_ben-or83/Ben_or83_proofs_Pres_L10_F.tla,Pres_L10_F,source/apalache_examples_ben-or83/Ben_or83_proofs.tla,True,Structured,12,1,37,12,35,,,,
apalache_examples_ben-or83/Ben_or83_proofs_Pres_L10_S1.tla,Pres_L10_S1,source/apalache_examples_ben-or83/Ben_or83_proofs.tla,True,Structured,20,2,20,9,45,,,,
apalache_examples_ben-or83/Ben_or83_proofs_Pres_L10_S2.tla,Pres_L10_S2,source/apalache_examples_ben-or83/Ben_or83_proofs.tla,True,Structured,20,3,28,14,48,,,,
apalache_examples_ben-or83/Ben_or83_proofs_Pres_L10_S3.tla,Pres_L10_S3,source/apalache_examples_ben-or83/Ben_or83_proofs.tla,True,Direct,0,0,20,3,1,,,,
apalache_examples_ben-or83/Ben_or83_proofs_Pres_L10_ST.tla,Pres_L10_ST,source/apalache_examples_ben-or83/Ben_or83_proofs.tla,True,Direct,0,0,17,3,1,,,,
apalache_examples_ben-or83/Ben_or83_proofs_Pres_L11_F.tla,Pres_L11_F,source/apalache_examples_ben-or83/Ben_or83_proofs.tla,True,Structured,39,3,96,28,120,,,,
apalache_examples_ben-or83/Ben_or83_proofs_Pres_L11_S1.tla,Pres_L11_S1,source/apalache_examples_ben-or83/Ben_or83_proofs.tla,True,Direct,0,0,17,3,1,,,,
apalache_examples_ben-or83/Ben_or83_proofs_Pres_L11_S2.tla,Pres_L11_S2,source/apalache_examples_ben-or83/Ben_or83_proofs.tla,True,Structured,47,3,56,26,129,,,,
apalache_examples_ben-or83/Ben_or83_proofs_Pres_L11_S3.tla,Pres_L11_S3,source/apalache_examples_ben-or83/Ben_or83_proofs.tla,True,Structured,27,3,88,12,70,,,,
apalache_examples_ben-or83/Ben_or83_proofs_Pres_L11_ST.tla,Pres_L11_ST,source/apalache_examples_ben-or83/Ben_or83_proofs.tla,True,Direct,0,0,17,3,1,,,,
apalache_examples_ben-or83/Ben_or83_proofs_Pres_L12_F.tla,Pres_L12_F,source/apalache_examples_ben-or83/Ben_or83_proofs.tla,True,Structured,9,1,36,10,25,,,,
apalache_examples_ben-or83/Ben_or83_proofs_Pres_L12_S1.tla,Pres_L12_S1,source/apalache_examples_ben-or83/Ben_or83_proofs.tla,True,Structured,12,1,20,6,26,,,,
apalache_examples_ben-or83/Ben_or83_proofs_Pres_L12_S2.tla,Pres_L12_S2,source/apalache_examples_ben-or83/Ben_or83_proofs.tla,True,Structured,18,1,29,15,47,,,,
apalache_examples_ben-or83/Ben_or83_proofs_Pres_L12_S3.tla,Pres_L12_S3,source/apalache_examples_ben-or83/Ben_or83_proofs.tla,True,Structured,23,2,26,13,58,,,,
apalache_examples_ben-or83/Ben_or83_proofs_Pres_L12_ST.tla,Pres_L12_ST,source/apalache_examples_ben-or83/Ben_or83_proofs.tla,True,Direct,0,0,17,3,1,,,,
apalache_examples_ben-or83/Ben_or83_proofs_Pres_L13_F.tla,Pres_L13_F,source/apalache_examples_ben-or83/Ben_or83_proofs.tla,True,Structured,31,3,95,15,78,,,,
apalache_examples_ben-or83/Ben_or83_proofs_Pres_L13_S1.tla,Pres_L13_S1,source/apalache_examples_ben-or83/Ben_or83_proofs.tla,True,Direct,0,0,18,6,2,,,,
apalache_examples_ben-or83/Ben_or83_proofs_Pres_L13_S2.tla,Pres_L13_S2,source/apalache_examples_ben-or83/Ben_or83_proofs.tla,True,Structured,36,3,88,18,86,,,,
apalache_examples_ben-or83/Ben_or83_proofs_Pres_L13_S3.tla,Pres_L13_S3,source/apalache_examples_ben-or83/Ben_or83_proofs.tla,True,Structured,47,4,88,19,123,,,,
apalache_examples_ben-or83/Ben_or83_proofs_Pres_L13_ST.tla,Pres_L13_ST,source/apalache_examples_ben-or83/Ben_or83_proofs.tla,True,Direct,0,0,17,4,1,,,,
apalache_examples_ben-or83/Ben_or83_proofs_Pres_L1_F.tla,Pres_L1_F,source/apalache_examples_ben-or83/Ben_or83_proofs.tla,True,Structured,27,2,99,22,89,,,,
apalache_examples_ben-or83/Ben_or83_proofs_Pres_L1_S1.tla,Pres_L1_S1,source/apalache_examples_ben-or83/Ben_or83_proofs.tla,True,Direct,0,0,17,4,1,,,,
apalache_examples_ben-or83/Ben_or83_proofs_Pres_L1_S2.tla,Pres_L1_S2,source/apalache_examples_ben-or83/Ben_or83_proofs.tla,True,Structured,26,2,56,19,82,,,,
apalache_examples_ben-or83/Ben_or83_proofs_Pres_L1_S3.tla,Pres_L1_S3,source/apalache_examples_ben-or83/Ben_or83_proofs.tla,True,Structured,56,5,104,22,151,,,,
apalache_examples_ben-or83/Ben_or83_proofs_Pres_L1_S3_DecidedCarry.tla,Pres_L1_S3_DecidedCarry,source/apalache_examples_ben-or83/Ben_or83_proofs.tla,True,Structured,21,1,101,20,66,,,,
apalache_examples_ben-or83/Ben_or83_proofs_Pres_L1_ST.tla,Pres_L1_ST,source/apalache_examples_ben-or83/Ben_or83_proofs.tla,True,Direct,0,0,17,4,1,,,,
apalache_examples_ben-or83/Ben_or83_proofs_Pres_L2_F.tla,Pres_L2_F,source/apalache_examples_ben-or83/Ben_or83_proofs.tla,True,Structured,6,1,30,4,14,,,,
apalache_examples_ben-or83/Ben_or83_proofs_Pres_L2_S1.tla,Pres_L2_S1,source/apalache_examples_ben-or83/Ben_or83_proofs.tla,True,Structured,29,3,21,8,62,,,,
apalache_examples_ben-or83/Ben_or83_proofs_Pres_L2_S2.tla,Pres_L2_S2,source/apalache_examples_ben-or83/Ben_or83_proofs.tla,True,Direct,0,0,20,3,1,,,,
apalache_examples_ben-or83/Ben_or83_proofs_Pres_L2_S3.tla,Pres_L2_S3,source/apalache_examples_ben-or83/Ben_or83_proofs.tla,True,Direct,0,0,20,3,1,,,,
apalache_examples_ben-or83/Ben_or83_proofs_Pres_L2_ST.tla,Pres_L2_ST,source/apalache_examples_ben-or83/Ben_or83_proofs.tla,True,Direct,0,0,17,3,1,,,,
apalache_examples_ben-or83/Ben_or83_proofs_Pres_L3_F.tla,Pres_L3_F,source/apalache_examples_ben-or83/Ben_or83_proofs.tla,True,Direct,0,0,30,4,3,,,,
apalache_examples_ben-or83/Ben_or83_proofs_Pres_L3_S1.tla,Pres_L3_S1,source/apalache_examples_ben-or83/Ben_or83_proofs.tla,True,Direct,0,0,17,3,1,,,,
apalache_examples_ben-or83/Ben_or83_proofs_Pres_L3_S2.tla,Pres_L3_S2,source/apalache_examples_ben-or83/Ben_or83_proofs.tla,True,Structured,18,2,31,10,40,,,,
apalache_examples_ben-or83/Ben_or83_proofs_Pres_L3_S3.tla,Pres_L3_S3,source/apalache_examples_ben-or83/Ben_or83_proofs.tla,True,Direct,0,0,20,3,1,,,,
apalache_examples_ben-or83/Ben_or83_proofs_Pres_L3_ST.tla,Pres_L3_ST,source/apalache_examples_ben-or83/Ben_or83_proofs.tla,True,Direct,0,0,17,3,1,,,,
apalache_examples_ben-or83/Ben_or83_proofs_Pres_L4_F.tla,Pres_L4_F,source/apalache_examples_ben-or83/Ben_or83_proofs.tla,True,Structured,12,2,30,5,24,,,,
apalache_examples_ben-or83/Ben_or83_proofs_Pres_L4_S1.tla,Pres_L4_S1,source/apalache_examples_ben-or83/Ben_or83_proofs.tla,True,Structured,42,4,24,11,101,,,,
apalache_examples_ben-or83/Ben_or83_proofs_Pres_L4_S2.tla,Pres_L4_S2,source/apalache_examples_ben-or83/Ben_or83_proofs.tla,True,Structured,44,4,32,11,107,,,,
apalache_examples_ben-or83/Ben_or83_proofs_Pres_L4_S3.tla,Pres_L4_S3,source/apalache_examples_ben-or83/Ben_or83_proofs.tla,True,Structured,36,3,32,11,90,,,,
apalache_examples_ben-or83/Ben_or83_proofs_Pres_L4_ST.tla,Pres_L4_ST,source/apalache_examples_ben-or83/Ben_or83_proofs.tla,True,Direct,0,0,17,3,1,,,,
apalache_examples_ben-or83/Ben_or83_proofs_Pres_L5_F.tla,Pres_L5_F,source/apalache_examples_ben-or83/Ben_or83_proofs.tla,True,Structured,5,1,30,3,9,,,,
apalache_examples_ben-or83/Ben_or83_proofs_Pres_L5_S1.tla,Pres_L5_S1,source/apalache_examples_ben-or83/Ben_or83_proofs.tla,True,Structured,27,3,23,9,61,,,,
apalache_examples_ben-or83/Ben_or83_proofs_Pres_L5_S2.tla,Pres_L5_S2,source/apalache_examples_ben-or83/Ben_or83_proofs.tla,True,Structured,38,3,25,9,81,,,,
apalache_examples_ben-or83/Ben_or83_proofs_Pres_L5_S3.tla,Pres_L5_S3,source/apalache_examples_ben-or83/Ben_or83_proofs.tla,True,Structured,35,3,24,8,77,,,,
apalache_examples_ben-or83/Ben_or83_proofs_Pres_L5_ST.tla,Pres_L5_ST,source/apalache_examples_ben-or83/Ben_or83_proofs.tla,True,Direct,0,0,17,3,1,,,,
apalache_examples_ben-or83/Ben_or83_proofs_Pres_L6_F.tla,Pres_L6_F,source/apalache_examples_ben-or83/Ben_or83_proofs.tla,True,Structured,2,1,30,3,4,,,,
apalache_examples_ben-or83/Ben_or83_proofs_Pres_L6_S1.tla,Pres_L6_S1,source/apalache_examples_ben-or83/Ben_or83_proofs.tla,True,Direct,0,0,17,3,1,,,,
apalache_examples_ben-or83/Ben_or83_proofs_Pres_L6_S2.tla,Pres_L6_S2,source/apalache_examples_ben-or83/Ben_or83_proofs.tla,True,Direct,0,0,20,3,1,,,,
apalache_examples_ben-or83/Ben_or83_proofs_Pres_L6_S3.tla,Pres_L6_S3,source/apalache_examples_ben-or83/Ben_or83_proofs.tla,True,Structured,52,4,92,21,151,,,,
apalache_examples_ben-or83/Ben_or83_proofs_Pres_L6_ST.tla,Pres_L6_ST,source/apalache_examples_ben-or83/Ben_or83_proofs.tla,True,Direct,0,0,17,3,1,,,,
apalache_examples_ben-or83/Ben_or83_proofs_Pres_L7_F.tla,Pres_L7_F,source/apalache_examples_ben-or83/Ben_or83_proofs.tla,True,Structured,10,1,36,9,26,,,,
apalache_examples_ben-or83/Ben_or83_proofs_Pres_L7_S1.tla,Pres_L7_S1,source/apalache_examples_ben-or83/Ben_or83_proofs.tla,True,Structured,11,1,25,10,27,,,,
apalache_examples_ben-or83/Ben_or83_proofs_Pres_L7_S2.tla,Pres_L7_S2,source/apalache_examples_ben-or83/Ben_or83_proofs.tla,True,Structured,26,3,26,12,58,,,,
apalache_examples_ben-or83/Ben_or83_proofs_Pres_L7_S3.tla,Pres_L7_S3,source/apalache_examples_ben-or83/Ben_or83_proofs.tla,True,Direct,0,0,20,3,1,,,,
apalache_examples_ben-or83/Ben_or83_proofs_Pres_L7_ST.tla,Pres_L7_ST,source/apalache_examples_ben-or83/Ben_or83_proofs.tla,True,Direct,0,0,17,3,1,,,,
apalache_examples_ben-or83/Ben_or83_proofs_Pres_L8_F.tla,Pres_L8_F,source/apalache_examples_ben-or83/Ben_or83_proofs.tla,True,Structured,22,1,32,12,71,,,,
apalache_examples_ben-or83/Ben_or83_proofs_Pres_L8_S1.tla,Pres_L8_S1,source/apalache_examples_ben-or83/Ben_or83_proofs.tla,True,Structured,22,1,21,13,69,,,,
apalache_examples_ben-or83/Ben_or83_proofs_Pres_L8_S2.tla,Pres_L8_S2,source/apalache_examples_ben-or83/Ben_or83_proofs.tla,True,Structured,25,4,29,8,50,,,,
apalache_examples_ben-or83/Ben_or83_proofs_Pres_L8_S3.tla,Pres_L8_S3,source/apalache_examples_ben-or83/Ben_or83_proofs.tla,True,Direct,0,0,20,3,1,,,,
apalache_examples_ben-or83/Ben_or83_proofs_Pres_L8_ST.tla,Pres_L8_ST,source/apalache_examples_ben-or83/Ben_or83_proofs.tla,True,Direct,0,0,17,3,1,,,,
apalache_examples_ben-or83/Ben_or83_proofs_Pres_L9_F.tla,Pres_L9_F,source/apalache_examples_ben-or83/Ben_or83_proofs.tla,True,Structured,39,4,91,21,87,,,,
apalache_examples_ben-or83/Ben_or83_proofs_Pres_L9_S1.tla,Pres_L9_S1,source/apalache_examples_ben-or83/Ben_or83_proofs.tla,True,Structured,35,5,55,12,77,,,,
apalache_examples_ben-or83/Ben_or83_proofs_Pres_L9_S2.tla,Pres_L9_S2,source/apalache_examples_ben-or83/Ben_or83_proofs.tla,True,Structured,42,4,84,24,91,,,,
apalache_examples_ben-or83/Ben_or83_proofs_Pres_L9_S3.tla,Pres_L9_S3,source/apalache_examples_ben-or83/Ben_or83_proofs.tla,True,Direct,0,0,20,4,1,,,,
apalache_examples_ben-or83/Ben_or83_proofs_Pres_L9_ST.tla,Pres_L9_ST,source/apalache_examples_ben-or83/Ben_or83_proofs.tla,True,Direct,0,0,17,4,1,,,,
apalache_examples_ben-or83/Ben_or83_proofs_Pres_Lemma1.tla,Pres_Lemma1,source/apalache_examples_ben-or83/Ben_or83_proofs.tla,True,Structured,10,2,156,7,15,,,,
apalache_examples_ben-or83/Ben_or83_proofs_Pres_Lemma10.tla,Pres_Lemma10,source/apalache_examples_ben-or83/Ben_or83_proofs.tla,True,Structured,10,2,48,7,15,,,,
apalache_examples_ben-or83/Ben_or83_proofs_Pres_Lemma11.tla,Pres_Lemma11,source/apalache_examples_ben-or83/Ben_or83_proofs.tla,True,Structured,10,2,139,7,15,,,,
apalache_examples_ben-or83/Ben_or83_proofs_Pres_Lemma12.tla,Pres_Lemma12,source/apalache_examples_ben-or83/Ben_or83_proofs.tla,True,Structured,13,2,51,7,18,,,,
apalache_examples_ben-or83/Ben_or83_proofs_Pres_Lemma13.tla,Pres_Lemma13,source/apalache_examples_ben-or83/Ben_or83_proofs.tla,True,Structured,10,2,109,7,15,,,,
apalache_examples_ben-or83/Ben_or83_proofs_Pres_Lemma2.tla,Pres_Lemma2,source/apalache_examples_ben-or83/Ben_or83_proofs.tla,True,Structured,1,1,45,7,6,,,,
apalache_examples_ben-or83/Ben_or83_proofs_Pres_Lemma3.tla,Pres_Lemma3,source/apalache_examples_ben-or83/Ben_or83_proofs.tla,True,Structured,7,2,52,7,12,,,,
apalache_examples_ben-or83/Ben_or83_proofs_Pres_Lemma4.tla,Pres_Lemma4,source/apalache_examples_ben-or83/Ben_or83_proofs.tla,True,Structured,1,1,55,7,6,,,,
apalache_examples_ben-or83/Ben_or83_proofs_Pres_Lemma5.tla,Pres_Lemma5,source/apalache_examples_ben-or83/Ben_or83_proofs.tla,True,Structured,1,1,47,7,6,,,,
apalache_examples_ben-or83/Ben_or83_proofs_Pres_Lemma6.tla,Pres_Lemma6,source/apalache_examples_ben-or83/Ben_or83_proofs.tla,True,Structured,4,2,113,7,9,,,,
apalache_examples_ben-or83/Ben_or83_proofs_Pres_Lemma7.tla,Pres_Lemma7,source/apalache_examples_ben-or83/Ben_or83_proofs.tla,True,Structured,10,2,47,7,15,,,,
apalache_examples_ben-or83/Ben_or83_proofs_Pres_Lemma8.tla,Pres_Lemma8,source/apalache_examples_ben-or83/Ben_or83_proofs.tla,True,Structured,10,2,51,7,15,,,,
apalache_examples_ben-or83/Ben_or83_proofs_Pres_Lemma9.tla,Pres_Lemma9,source/apalache_examples_ben-or83/Ben_or83_proofs.tla,True,Structured,10,2,97,7,15,,,,
apalache_examples_ben-or83/Ben_or83_proofs_Q2Fixed_CardLeSenders.tla,Q2Fixed_CardLeSenders,source/apalache_examples_ben-or83/Ben_or83_proofs.tla,True,Structured,6,2,5,7,11,,,,
apalache_examples_ben-or83/Ben_or83_proofs_Q2SetFinite.tla,Q2SetFinite,source/apalache_examples_ben-or83/Ben_or83_proofs.tla,True,Structured,7,1,16,9,19,,,,
apalache_examples_ben-or83/Ben_or83_proofs_QFaultyMono.tla,QFaultyMono,source/apalache_examples_ben-or83/Ben_or83_proofs.tla,True,Structured,5,1,31,5,13,,,,
apalache_examples_ben-or83/Ben_or83_proofs_QInjective.tla,QInjective,source/apalache_examples_ben-or83/Ben_or83_proofs.tla,True,Direct,0,0,2,3,3,,,,
apalache_examples_ben-or83/Ben_or83_proofs_QPInjective.tla,QPInjective,source/apalache_examples_ben-or83/Ben_or83_proofs.tla,True,Direct,0,0,2,3,3,,,,
apalache_examples_ben-or83/Ben_or83_proofs_QPSetFinite.tla,QPSetFinite,source/apalache_examples_ben-or83/Ben_or83_proofs.tla,True,Structured,7,1,16,9,19,,,,
apalache_examples_ben-or83/Ben_or83_proofs_QStep2Mono.tla,QStep2Mono,source/apalache_examples_ben-or83/Ben_or83_proofs.tla,True,Structured,10,1,21,8,30,,,,
apalache_examples_ben-or83/Ben_or83_proofs_QuorumDominatesSupported.tla,QuorumDominatesSupported,source/apalache_examples_ben-or83/Ben_or83_proofs.tla,True,Structured,17,2,49,16,42,,,,
apalache_examples_ben-or83/Ben_or83_proofs_QuorumHasCorrectM1.tla,QuorumHasCorrectM1,source/apalache_examples_ben-or83/Ben_or83_proofs.tla,True,Structured,5,1,46,6,9,,,,
apalache_examples_ben-or83/Ben_or83_proofs_QuorumHasM1Majority.tla,QuorumHasM1Majority,source/apalache_examples_ben-or83/Ben_or83_proofs.tla,True,Structured,4,1,39,5,6,,,,
apalache_examples_ben-or83/Ben_or83_proofs_QuorumIntersect.tla,QuorumIntersect,source/apalache_examples_ben-or83/Ben_or83_proofs.tla,True,Structured,13,2,4,11,40,,,,
apalache_examples_ben-or83/Ben_or83_proofs_QuorumUnique.tla,QuorumUnique,source/apalache_examples_ben-or83/Ben_or83_proofs.tla,True,Structured,14,2,44,8,22,,,,
apalache_examples_ben-or83/Ben_or83_proofs_ReceivedDQuorumDominatesSupported.tla,ReceivedDQuorumDominatesSupported,source/apalache_examples_ben-or83/Ben_or83_proofs.tla,True,Structured,11,1,50,12,35,,,,
apalache_examples_ben-or83/Ben_or83_proofs_ReplicaPredRoundHasTotal.tla,ReplicaPredRoundHasTotal,source/apalache_examples_ben-or83/Ben_or83_proofs.tla,True,Structured,18,2,19,9,44,,,,
apalache_examples_ben-or83/Ben_or83_proofs_RoundPos.tla,RoundPos,source/apalache_examples_ben-or83/Ben_or83_proofs.tla,True,Direct,0,0,0,1,2,,,,
apalache_examples_ben-or83/Ben_or83_proofs_RoundPredInRounds.tla,RoundPredInRounds,source/apalache_examples_ben-or83/Ben_or83_proofs.tla,True,Direct,0,0,0,2,3,,,,
apalache_examples_ben-or83/Ben_or83_proofs_Senders1_Mono.tla,Senders1_Mono,source/apalache_examples_ben-or83/Ben_or83_proofs.tla,True,Structured,3,1,4,3,7,,,,
apalache_examples_ben-or83/Ben_or83_proofs_Senders1_Sub.tla,Senders1_Sub,source/apalache_examples_ben-or83/Ben_or83_proofs.tla,True,Structured,2,1,3,3,5,,,,
apalache_examples_ben-or83/Ben_or83_proofs_Senders2_CardLeSet.tla,Senders2_CardLeSet,source/apalache_examples_ben-or83/Ben_or83_proofs.tla,True,Structured,10,2,3,6,18,,,,
apalache_examples_ben-or83/Ben_or83_proofs_Senders2_Mono.tla,Senders2_Mono,source/apalache_examples_ben-or83/Ben_or83_proofs.tla,True,Structured,3,1,4,3,7,,,,
apalache_examples_ben-or83/Ben_or83_proofs_Senders2_Sub.tla,Senders2_Sub,source/apalache_examples_ben-or83/Ben_or83_proofs.tla,True,Structured,2,1,3,3,5,,,,
apalache_examples_ben-or83/Ben_or83_proofs_Senders2_Witness.tla,Senders2_Witness,source/apalache_examples_ben-or83/Ben_or83_proofs.tla,True,Direct,0,0,2,1,1,,,,
apalache_examples_ben-or83/Ben_or83_proofs_SetEqHelper.tla,SetEqHelper,source/apalache_examples_ben-or83/Ben_or83_proofs.tla,True,Direct,0,0,2,2,1,,,,
apalache_examples_ben-or83/Ben_or83_proofs_ShapeFromExists.tla,ShapeFromExists,source/apalache_examples_ben-or83/Ben_or83_proofs.tla,True,Structured,3,1,3,1,4,,,,
apalache_examples_ben-or83/Ben_or83_proofs_ShapeHelper.tla,ShapeHelper,source/apalache_examples_ben-or83/Ben_or83_proofs.tla,True,Structured,6,2,2,3,12,,,,
apalache_examples_ben-or83/Ben_or83_proofs_ShapeHelperR.tla,ShapeHelperR,source/apalache_examples_ben-or83/Ben_or83_proofs.tla,True,Structured,7,2,2,3,15,,,,
apalache_examples_ben-or83/Ben_or83_proofs_ShapeHelperSrc.tla,ShapeHelperSrc,source/apalache_examples_ben-or83/Ben_or83_proofs.tla,True,Structured,7,2,2,3,15,,,,
apalache_examples_ben-or83/Ben_or83_proofs_ShapeHelperSrcQ.tla,ShapeHelperSrcQ,source/apalache_examples_ben-or83/Ben_or83_proofs.tla,True,Structured,7,2,2,3,15,,,,
apalache_examples_ben-or83/Ben_or83_proofs_ShapeHelperV.tla,ShapeHelperV,source/apalache_examples_ben-or83/Ben_or83_proofs.tla,True,Structured,7,2,2,3,15,,,,
apalache_examples_ben-or83/Ben_or83_proofs_ShapeRFromExists.tla,ShapeRFromExists,source/apalache_examples_ben-or83/Ben_or83_proofs.tla,True,Structured,3,1,3,1,4,,,,
apalache_examples_ben-or83/Ben_or83_proofs_ShapeSrcFromExists.tla,ShapeSrcFromExists,source/apalache_examples_ben-or83/Ben_or83_proofs.tla,True,Structured,3,1,3,1,4,,,,
apalache_examples_ben-or83/Ben_or83_proofs_ShapeSrcQFromExists.tla,ShapeSrcQFromExists,source/apalache_examples_ben-or83/Ben_or83_proofs.tla,True,Structured,3,1,3,1,4,,,,
apalache_examples_ben-or83/Ben_or83_proofs_ShapeVFromExists.tla,ShapeVFromExists,source/apalache_examples_ben-or83/Ben_or83_proofs.tla,True,Structured,3,1,3,1,4,,,,
apalache_examples_ben-or83/Ben_or83_proofs_StrictQuorumCarriesToQuorumRound.tla,StrictQuorumCarriesToQuorumRound,source/apalache_examples_ben-or83/Ben_or83_proofs.tla,True,Structured,47,5,98,7,111,,,,
apalache_examples_ben-or83/Ben_or83_proofs_StrictQuorumFewOthers.tla,StrictQuorumFewOthers,source/apalache_examples_ben-or83/Ben_or83_proofs.tla,True,Structured,46,4,47,23,126,,,,
apalache_examples_ben-or83/Ben_or83_proofs_StrictQuorumNextCorrectType2.tla,StrictQuorumNextCorrectType2,source/apalache_examples_ben-or83/Ben_or83_proofs.tla,True,Structured,9,2,76,3,21,,,,
apalache_examples_ben-or83/Ben_or83_proofs_StrictQuorumNextReceiveStrictD.tla,StrictQuorumNextReceiveStrictD,source/apalache_examples_ben-or83/Ben_or83_proofs.tla,True,Structured,6,2,82,2,10,,,,
apalache_examples_ben-or83/Ben_or83_proofs_StrictQuorumNextStrictQuorum.tla,StrictQuorumNextStrictQuorum,source/apalache_examples_ben-or83/Ben_or83_proofs.tla,True,Structured,4,2,93,2,6,,,,
apalache_examples_ben-or83/Ben_or83_proofs_StrictQuorumSenderStrict.tla,StrictQuorumSenderStrict,source/apalache_examples_ben-or83/Ben_or83_proofs.tla,True,Structured,9,1,24,12,29,,,,
apalache_examples_ben-or83/Ben_or83_proofs_StrictQuorumSupportedSingleton.tla,StrictQuorumSupportedSingleton,source/apalache_examples_ben-or83/Ben_or83_proofs.tla,True,Structured,8,2,62,5,15,,,,
apalache_examples_ben-or83/Ben_or83_proofs_SubAll_Finite.tla,SubAll_Finite,source/apalache_examples_ben-or83/Ben_or83_proofs.tla,True,Direct,0,0,2,2,3,,,,
apalache_examples_ben-or83/Ben_or83_proofs_SupportedFromTotalAndFewOthers.tla,SupportedFromTotalAndFewOthers,source/apalache_examples_ben-or83/Ben_or83_proofs.tla,True,Structured,16,2,10,14,45,,,,
apalache_examples_ben-or83/Ben_or83_proofs_SupportedInReceivedQuorum.tla,SupportedInReceivedQuorum,source/apalache_examples_ben-or83/Ben_or83_proofs.tla,True,Structured,18,2,9,13,48,,,,
apalache_examples_ben-or83/Ben_or83_proofs_SupportedPHasOldCorrectD2.tla,SupportedPHasOldCorrectD2,source/apalache_examples_ben-or83/Ben_or83_proofs.tla,True,Structured,10,2,24,7,27,,,,
apalache_examples_ben-or83/Ben_or83_proofs_SupportedPToOldWhenTotal.tla,SupportedPToOldWhenTotal,source/apalache_examples_ben-or83/Ben_or83_proofs.tla,True,Structured,8,2,15,10,21,,,,
apalache_examples_ben-or83/Ben_or83_proofs_SupportedSingletonNextQuorum.tla,SupportedSingletonNextQuorum,source/apalache_examples_ben-or83/Ben_or83_proofs.tla,True,Structured,8,1,47,3,16,,,,
apalache_examples_ben-or83/Ben_or83_proofs_SupportedSingletonNextSupported.tla,SupportedSingletonNextSupported,source/apalache_examples_ben-or83/Ben_or83_proofs.tla,True,Structured,23,2,50,18,58,,,,
apalache_examples_ben-or83/Ben_or83_proofs_SupportedSingletonPinsNextM1.tla,SupportedSingletonPinsNextM1,source/apalache_examples_ben-or83/Ben_or83_proofs.tla,True,Structured,7,1,16,2,13,,,,
apalache_examples_ben-or83/Ben_or83_proofs_SupportedUnique.tla,SupportedUnique,source/apalache_examples_ben-or83/Ben_or83_proofs.tla,True,Structured,21,2,49,15,57,,,,
apalache_examples_ben-or83/Ben_or83_proofs_SupportedValuesPFrame.tla,SupportedValuesPFrame,source/apalache_examples_ben-or83/Ben_or83_proofs.tla,True,Direct,0,0,4,4,1,,,,
apalache_examples_ben-or83/Ben_or83_proofs_SupportedValuesPrimeIsP.tla,SupportedValuesPrimeIsP,source/apalache_examples_ben-or83/Ben_or83_proofs.tla,True,Direct,0,0,4,4,1,,,,
apalache_examples_ben-or83/Ben_or83_proofs_TplusOneHasCorrect.tla,TplusOneHasCorrect,source/apalache_examples_ben-or83/Ben_or83_proofs.tla,True,Structured,10,2,4,7,23,,,,
apalache_examples_ben-or83/Ben_or83_proofs_TypeOKPrimeIntro.tla,TypeOKPrimeIntro,source/apalache_examples_ben-or83/Ben_or83_proofs.tla,True,Direct,0,0,1,1,1,,,,
apalache_examples_ben-or83/Ben_or83_proofs_TypePres.tla,TypePres,source/apalache_examples_ben-or83/Ben_or83_proofs.tla,True,Structured,80,5,25,24,181,,,,
apalache_examples_tendermint/tendermint_single_indinv_proofs_BoundedMaxExists.tla,BoundedMaxExists,source/apalache_examples_tendermint/tendermint_single_indinv_proofs.tla,True,Structured,24,3,0,2,41,,,,
apalache_examples_tendermint/tendermint_single_indinv_proofs_Inductive.tla,Inductive,source/apalache_examples_tendermint/tendermint_single_indinv_proofs.tla,True,Direct,0,0,151,28,27,,,,
apalache_examples_tendermint/tendermint_single_indinv_proofs_MaxReachedProps.tla,MaxReachedProps,source/apalache_examples_tendermint/tendermint_single_indinv_proofs.tla,True,Structured,4,1,3,4,11,,,,
apalache_examples_tendermint/tendermint_single_indinv_proofs_OnRoundCatchupGivesSender.tla,OnRoundCatchupGivesSender,source/apalache_examples_tendermint/tendermint_single_indinv_proofs.tla,True,Structured,15,1,5,5,27,,,,
apalache_examples_tendermint/tendermint_single_indinv_proofs_PCAllMonotone.tla,PCAllMonotone,source/apalache_examples_tendermint/tendermint_single_indinv_proofs.tla,True,Structured,5,1,16,6,14,,,,
apalache_examples_tendermint/tendermint_single_indinv_proofs_PCSetFlip.tla,PCSetFlip,source/apalache_examples_tendermint/tendermint_single_indinv_proofs.tla,True,Direct,0,0,1,1,1,,,,
apalache_examples_tendermint/tendermint_single_indinv_proofs_PCSetPFlip.tla,PCSetPFlip,source/apalache_examples_tendermint/tendermint_single_indinv_proofs.tla,True,Direct,0,0,1,1,1,,,,
apalache_examples_tendermint/tendermint_single_indinv_proofs_PCSetSubset.tla,PCSetSubset,source/apalache_examples_tendermint/tendermint_single_indinv_proofs.tla,True,Direct,0,0,1,1,1,,,,
apalache_examples_tendermint/tendermint_single_indinv_proofs_PVSetFlip.tla,PVSetFlip,source/apalache_examples_tendermint/tendermint_single_indinv_proofs.tla,True,Direct,0,0,1,1,1,,,,
apalache_examples_tendermint/tendermint_single_indinv_proofs_PVSetPFlip.tla,PVSetPFlip,source/apalache_examples_tendermint/tendermint_single_indinv_proofs.tla,True,Direct,0,0,1,1,1,,,,
apalache_examples_tendermint/tendermint_single_indinv_proofs_PVSetPFlipCard.tla,PVSetPFlipCard,source/apalache_examples_tendermint/tendermint_single_indinv_proofs.tla,True,Structured,2,1,4,4,6,,,,
apalache_examples_tendermint/tendermint_single_indinv_proofs_PVSetQuorumMonotone.tla,PVSetQuorumMonotone,source/apalache_examples_tendermint/tendermint_single_indinv_proofs.tla,True,Structured,6,1,17,8,18,,,,
apalache_examples_tendermint/tendermint_single_indinv_proofs_PVSetSubset.tla,PVSetSubset,source/apalache_examples_tendermint/tendermint_single_indinv_proofs.tla,True,Direct,0,0,1,1,1,,,,
apalache_examples_tendermint/tendermint_single_indinv_proofs_PastStartRoundOperator.tla,PastStartRoundOperator,source/apalache_examples_tendermint/tendermint_single_indinv_proofs.tla,True,Direct,0,0,4,4,3,,,,
apalache_examples_tendermint/tendermint_single_indinv_proofs_PastStartRoundQuorumMonotone.tla,PastStartRoundQuorumMonotone,source/apalache_examples_tendermint/tendermint_single_indinv_proofs.tla,True,Structured,17,2,21,11,52,,,,
apalache_examples_tendermint/tendermint_single_indinv_proofs_PostPrecommitByCorrectGivesPostPrevoteQuorum.tla,PostPrecommitByCorrectGivesPostPrevoteQuorum,source/apalache_examples_tendermint/tendermint_single_indinv_proofs.tla,True,Structured,3,1,50,6,9,,,,
apalache_examples_tendermint/tendermint_single_indinv_proofs_PostPrecommitLocksLaterPrevotesOp.tla,PostPrecommitLocksLaterPrevotesOp,source/apalache_examples_tendermint/tendermint_single_indinv_proofs.tla,True,Direct,0,0,54,1,2,,,,
apalache_examples_tendermint/tendermint_single_indinv_proofs_PrecommitByCorrectGivesPrevoteQuorum.tla,PrecommitByCorrectGivesPrevoteQuorum,source/apalache_examples_tendermint/tendermint_single_indinv_proofs.tla,True,Structured,3,1,29,6,6,,,,
apalache_examples_tendermint/tendermint_single_indinv_proofs_PrecommitLockContra.tla,PrecommitLockContra,source/apalache_examples_tendermint/tendermint_single_indinv_proofs.tla,True,Structured,7,1,42,6,16,,,,
apalache_examples_tendermint/tendermint_single_indinv_proofs_PrecommitLocksLaterPrevotesOp.tla,PrecommitLocksLaterPrevotesOp,source/apalache_examples_tendermint/tendermint_single_indinv_proofs.tla,True,Structured,9,2,6,6,15,,,,
apalache_examples_tendermint/tendermint_single_indinv_proofs_PrecommitRecTyped.tla,PrecommitRecTyped,source/apalache_examples_tendermint/tendermint_single_indinv_proofs.tla,True,Structured,2,1,0,0,4,,,,
apalache_examples_tendermint/tendermint_single_indinv_proofs_PrecommitSenderSetCardinalityMonotone.tla,PrecommitSenderSetCardinalityMonotone,source/apalache_examples_tendermint/tendermint_single_indinv_proofs.tla,True,Structured,6,1,14,6,14,,,,
apalache_examples_tendermint/tendermint_single_indinv_proofs_PrecommitsLockValueOp.tla,PrecommitsLockValueOp,source/apalache_examples_tendermint/tendermint_single_indinv_proofs.tla,True,Structured,22,4,8,8,37,,,,
apalache_examples_tendermint/tendermint_single_indinv_proofs_Pres_AllValidAndLockedRoundBounded.tla,Pres_AllValidAndLockedRoundBounded,source/apalache_examples_tendermint/tendermint_single_indinv_proofs.tla,True,Direct,0,0,51,12,12,,,,
apalache_examples_tendermint/tendermint_single_indinv_proofs_Pres_Bounded_Faulty.tla,Pres_Bounded_Faulty,source/apalache_examples_tendermint/tendermint_single_indinv_proofs.tla,True,Direct,0,0,28,3,1,,,,
apalache_examples_tendermint/tendermint_single_indinv_proofs_Pres_Bounded_InsertProposal.tla,Pres_Bounded_InsertProposal,source/apalache_examples_tendermint/tendermint_single_indinv_proofs.tla,True,Direct,0,0,28,3,1,,,,
apalache_examples_tendermint/tendermint_single_indinv_proofs_Pres_Bounded_OnQuorumOfNilPrevotes.tla,Pres_Bounded_OnQuorumOfNilPrevotes,source/apalache_examples_tendermint/tendermint_single_indinv_proofs.tla,True,Direct,0,0,28,3,1,,,,
apalache_examples_tendermint/tendermint_single_indinv_proofs_Pres_Bounded_OnTimeoutPropose.tla,Pres_Bounded_OnTimeoutPropose,source/apalache_examples_tendermint/tendermint_single_indinv_proofs.tla,True,Direct,0,0,28,3,1,,,,
apalache_examples_tendermint/tendermint_single_indinv_proofs_Pres_Bounded_UponProposalInPrecommitNoDecision.tla,Pres_Bounded_UponProposalInPrecommitNoDecision,source/apalache_examples_tendermint/tendermint_single_indinv_proofs.tla,True,Direct,0,0,28,3,1,,,,
apalache_examples_tendermint/tendermint_single_indinv_proofs_Pres_Bounded_UponProposalInPrevoteOrCommitAndPrevote.tla,Pres_Bounded_UponProposalInPrevoteOrCommitAndPrevote,source/apalache_examples_tendermint/tendermint_single_indinv_proofs.tla,True,Structured,8,1,29,5,14,,,,
apalache_examples_tendermint/tendermint_single_indinv_proofs_Pres_Bounded_UponProposalInPropose.tla,Pres_Bounded_UponProposalInPropose,source/apalache_examples_tendermint/tendermint_single_indinv_proofs.tla,True,Direct,0,0,28,3,1,,,,
apalache_examples_tendermint/tendermint_single_indinv_proofs_Pres_Bounded_UponProposalInProposeAndPrevote.tla,Pres_Bounded_UponProposalInProposeAndPrevote,source/apalache_examples_tendermint/tendermint_single_indinv_proofs.tla,True,Direct,0,0,28,3,1,,,,
apalache_examples_tendermint/tendermint_single_indinv_proofs_Pres_Bounded_UponQuorumOfPrecommitsAny.tla,Pres_Bounded_UponQuorumOfPrecommitsAny,source/apalache_examples_tendermint/tendermint_single_indinv_proofs.tla,True,Structured,7,1,29,5,13,,,,
apalache_examples_tendermint/tendermint_single_indinv_proofs_Pres_Bounded_UponQuorumOfPrevotesAny.tla,Pres_Bounded_UponQuorumOfPrevotesAny,source/apalache_examples_tendermint/tendermint_single_indinv_proofs.tla,True,Direct,0,0,28,3,1,,,,
apalache_examples_tendermint/tendermint_single_indinv_proofs_Pres_PrecommitLocksLaterPrevotes.tla,Pres_PrecommitLocksLaterPrevotes,source/apalache_examples_tendermint/tendermint_single_indinv_proofs.tla,True,Structured,12,1,56,4,23,,,,
apalache_examples_tendermint/tendermint_single_indinv_proofs_PrevoteAllSenderSetCardinalityMonotone.tla,PrevoteAllSenderSetCardinalityMonotone,source/apalache_examples_tendermint/tendermint_single_indinv_proofs.tla,True,Structured,6,1,14,6,14,,,,
apalache_examples_tendermint/tendermint_single_indinv_proofs_PrevoteEvidenceSenderSetCardinalityLeAllSenders.tla,PrevoteEvidenceSenderSetCardinalityLeAllSenders,source/apalache_examples_tendermint/tendermint_single_indinv_proofs.tla,True,Structured,6,1,0,5,13,,,,
apalache_examples_tendermint/tendermint_single_indinv_proofs_PrevoteRecTyped.tla,PrevoteRecTyped,source/apalache_examples_tendermint/tendermint_single_indinv_proofs.tla,True,Structured,2,1,0,0,4,,,,
apalache_examples_tendermint/tendermint_single_indinv_proofs_PrevoteSenderSetCardinalityMonotone.tla,PrevoteSenderSetCardinalityMonotone,source/apalache_examples_tendermint/tendermint_single_indinv_proofs.tla,True,Structured,6,1,14,6,14,,,,
apalache_examples_tendermint/tendermint_single_indinv_proofs_PrevoteValueSenderSetCardinalityLeAllSenders.tla,PrevoteValueSenderSetCardinalityLeAllSenders,source/apalache_examples_tendermint/tendermint_single_indinv_proofs.tla,True,Structured,6,1,0,5,13,,,,
apalache_examples_tendermint/tendermint_single_indinv_proofs_ProposeRecTyped.tla,ProposeRecTyped,source/apalache_examples_tendermint/tendermint_single_indinv_proofs.tla,True,Structured,2,1,0,0,4,,,,
apalache_examples_tendermint/tendermint_single_indinv_proofs_Q3UnionMonotone.tla,Q3UnionMonotone,source/apalache_examples_tendermint/tendermint_single_indinv_proofs.tla,True,Structured,5,1,19,9,15,,,,
apalache_examples_tendermint/tendermint_single_indinv_proofs_QuorumHasCorrect.tla,QuorumHasCorrect,source/apalache_examples_tendermint/tendermint_single_indinv_proofs.tla,True,Direct,0,0,2,1,2,,,,
apalache_examples_tendermint/tendermint_single_indinv_proofs_QuorumsIntersectInCorrect.tla,QuorumsIntersectInCorrect,source/apalache_examples_tendermint/tendermint_single_indinv_proofs.tla,True,Structured,41,2,1,11,116,,,,
apalache_examples_tendermint/tendermint_single_indinv_proofs_SmallQuorumHasCorrect.tla,SmallQuorumHasCorrect,source/apalache_examples_tendermint/tendermint_single_indinv_proofs.tla,True,Structured,10,1,1,7,27,,,,
apalache_examples_tendermint/tendermint_single_indinv_proofs_StepChangeChar.tla,StepChangeChar,source/apalache_examples_tendermint/tendermint_single_indinv_proofs.tla,True,Structured,49,2,14,12,105,,,,
apalache_examples_tendermint/tendermint_single_indinv_proofs_SubsetCFFinite.tla,SubsetCFFinite,source/apalache_examples_tendermint/tendermint_single_indinv_proofs.tla,True,Direct,0,0,0,3,4,,,,
apalache_examples_tendermint/tendermint_single_indinv_proofs_SubsetCardGeq.tla,SubsetCardGeq,source/apalache_examples_tendermint/tendermint_single_indinv_proofs.tla,True,Structured,5,1,0,2,14,,,,
tlaplus_examples_Bakery-Boulangerie/Bakery_TypeCorrect.tla,TypeCorrect,source/tlaplus_examples_Bakery-Boulangerie/Bakery.tla,True,Structured,16,2,18,20,38,16,FAIL,,
tlaplus_examples_Bakery-Boulangerie/Boulanger_TypeCorrect.tla,TypeCorrect,source/tlaplus_examples_Bakery-Boulangerie/Boulanger.tla,True,Structured,16,2,18,20,38,16,FAIL,,
tlaplus_examples_BlockingQueue/BlockingQueueFair_proofs_EmptySeqRange.tla,EmptySeqRange,source/tlaplus_examples_BlockingQueue/BlockingQueueFair_proofs.tla,True,Direct,0,0,0,1,2,0,PASS,,
tlaplus_examples_BlockingQueue/BlockingQueueFair_proofs_ITypeInv.tla,ITypeInv,source/tlaplus_examples_BlockingQueue/BlockingQueueFair_proofs.tla,True,Structured,15,3,9,15,38,15,PASS,,
tlaplus_examples_BlockingQueue/BlockingQueueSplit_proofs_DeadlockFreedom.tla,DeadlockFreedom,source/tlaplus_examples_BlockingQueue/BlockingQueueSplit_proofs.tla,True,Structured,10,2,12,13,20,10,FAIL,,
tlaplus_examples_BlockingQueue/BlockingQueueSplit_proofs_IInvRefines.tla,IInvRefines,source/tlaplus_examples_BlockingQueue/BlockingQueueSplit_proofs.tla,True,Direct,0,0,3,4,2,0,PASS,,
tlaplus_examples_BlockingQueue/BlockingQueueSplit_proofs_ITypeInv.tla,ITypeInv,source/tlaplus_examples_BlockingQueue/BlockingQueueSplit_proofs.tla,True,Structured,4,1,9,10,7,15,PASS,,
tlaplus_examples_BlockingQueue/BlockingQueueSplit_proofs_Implements.tla,Implements,source/tlaplus_examples_BlockingQueue/BlockingQueueSplit_proofs.tla,True,Structured,4,1,11,12,9,4,FAIL,,
tlaplus_examples_BlockingQueue/BlockingQueue_proofs_DeadlockFreedom.tla,DeadlockFreedom,source/tlaplus_examples_BlockingQueue/BlockingQueue_proofs.tla,True,Structured,5,1,12,13,10,10,PASS,,
tlaplus_examples_BlockingQueue/BlockingQueue_proofs_TypeCorrect.tla,TypeCorrect,source/tlaplus_examples_BlockingQueue/BlockingQueue_proofs.tla,True,Structured,4,1,9,10,9,4,PASS,,
tlaplus_examples_CigaretteSmokers/CigaretteSmokers_proof_AtMostOneCorrect.tla,AtMostOneCorrect,source/tlaplus_examples_CigaretteSmokers/CigaretteSmokers_proof.tla,True,Structured,51,5,14,16,83,51,PASS,,
tlaplus_examples_CigaretteSmokers/CigaretteSmokers_proof_AtMostOneViaSmokingSet.tla,AtMostOneViaSmokingSet,source/tlaplus_examples_CigaretteSmokers/CigaretteSmokers_proof.tla,True,Direct,0,0,2,2,1,0,PASS,,
tlaplus_examples_CigaretteSmokers/CigaretteSmokers_proof_OffersFact.tla,OffersFact,source/tlaplus_examples_CigaretteSmokers/CigaretteSmokers_proof.tla,True,Direct,0,0,0,1,2,0,PASS,,
tlaplus_examples_CigaretteSmokers/CigaretteSmokers_proof_SmokingSetFinite.tla,SmokingSetFinite,source/tlaplus_examples_CigaretteSmokers/CigaretteSmokers_proof.tla,True,Structured,4,1,1,4,11,4,PASS,,
tlaplus_examples_CigaretteSmokers/CigaretteSmokers_proof_StartSmokingSmokingSet.tla,StartSmokingSmokingSet,source/tlaplus_examples_CigaretteSmokers/CigaretteSmokers_proof.tla,True,Structured,5,1,2,2,8,5,PASS,,
tlaplus_examples_CigaretteSmokers/CigaretteSmokers_proof_StopSmokingSmokingSet.tla,StopSmokingSmokingSet,source/tlaplus_examples_CigaretteSmokers/CigaretteSmokers_proof.tla,True,Structured,16,3,3,2,24,16,PASS,,
tlaplus_examples_CigaretteSmokers/CigaretteSmokers_proof_TypeCorrect.tla,TypeCorrect,source/tlaplus_examples_CigaretteSmokers/CigaretteSmokers_proof.tla,True,Structured,20,4,8,7,26,20,PASS,,
tlaplus_examples_CigaretteSmokers/CigaretteSmokers_proof_UniqueComplement2.tla,UniqueComplement2,source/tlaplus_examples_CigaretteSmokers/CigaretteSmokers_proof.tla,True,Structured,42,4,2,7,89,42,PASS,,
tlaplus_examples_CoffeeCan/CoffeeCan_proof_TypeCorrect.tla,TypeCorrect,source/tlaplus_examples_CoffeeCan/CoffeeCan_proof.tla,True,Structured,51,4,12,13,119,51,FAIL,,
tlaplus_examples_DieHard/DieHard_proof_MinNat.tla,MinNat,source/tlaplus_examples_DieHard/DieHard_proof.tla,True,Direct,0,0,1,1,1,0,PASS,,
tlaplus_examples_DieHard/DieHard_proof_TypeCorrect.tla,TypeCorrect,source/tlaplus_examples_DieHard/DieHard_proof.tla,True,Structured,45,5,12,12,88,45,PASS,,
tlaplus_examples_FiniteMonotonic/CRDT_proof_EnabledGossip.tla,EnabledGossip,source/tlaplus_examples_FiniteMonotonic/CRDT_proof.tla,True,Structured,9,2,3,4,12,9,PASS,,
tlaplus_examples_FiniteMonotonic/CRDT_proof_GossipDecreasesMeasure.tla,GossipDecreasesMeasure,source/tlaplus_examples_FiniteMonotonic/CRDT_proof.tla,True,Structured,4,1,15,11,13,4,FAIL,,
tlaplus_examples_FiniteMonotonic/CRDT_proof_GossipDoesntIncreaseMeasure.tla,GossipDoesntIncreaseMeasure,source/tlaplus_examples_FiniteMonotonic/CRDT_proof.tla,True,Structured,9,3,13,10,24,9,PASS,,
tlaplus_examples_FiniteMonotonic/CRDT_proof_MeasureIsZero.tla,MeasureIsZero,source/tlaplus_examples_FiniteMonotonic/CRDT_proof.tla,True,Structured,5,1,10,7,23,5,PASS,,
tlaplus_examples_FiniteMonotonic/CRDT_proof_MeasureType.tla,MeasureType,source/tlaplus_examples_FiniteMonotonic/CRDT_proof.tla,True,Structured,2,1,8,6,4,2,PASS,,
tlaplus_examples_FiniteMonotonic/CRDT_proof_MeasureTypePrime.tla,MeasureTypePrime,source/tlaplus_examples_FiniteMonotonic/CRDT_proof.tla,True,Structured,2,1,8,6,4,2,PASS,,
tlaplus_examples_FiniteMonotonic/CRDT_proof_OGLiveness.tla,OGLiveness,source/tlaplus_examples_FiniteMonotonic/CRDT_proof.tla,True,Structured,63,6,20,11,115,63,FAIL,,
tlaplus_examples_FiniteMonotonic/CRDT_proof_Safe.tla,Safe,source/tlaplus_examples_FiniteMonotonic/CRDT_proof.tla,True,Structured,3,1,9,9,7,3,PASS,,
tlaplus_examples_FiniteMonotonic/CRDT_proof_SumIsSumFunction.tla,SumIsSumFunction,source/tlaplus_examples_FiniteMonotonic/CRDT_proof.tla,True,Direct,0,0,1,4,1,0,PASS,,
tlaplus_examples_FiniteMonotonic/CRDT_proof_SumIsZero.tla,SumIsZero,source/tlaplus_examples_FiniteMonotonic/CRDT_proof.tla,True,Structured,4,1,2,3,10,4,PASS,,
tlaplus_examples_FiniteMonotonic/CRDT_proof_SumStronglyMonotonic.tla,SumStronglyMonotonic,source/tlaplus_examples_FiniteMonotonic/CRDT_proof.tla,True,Structured,8,1,2,3,23,8,PASS,,
tlaplus_examples_FiniteMonotonic/CRDT_proof_SumType.tla,SumType,source/tlaplus_examples_FiniteMonotonic/CRDT_proof.tla,True,Structured,3,1,2,3,8,3,PASS,,
tlaplus_examples_FiniteMonotonic/CRDT_proof_SumWeaklyMonotonic.tla,SumWeaklyMonotonic,source/tlaplus_examples_FiniteMonotonic/CRDT_proof.tla,True,Structured,7,1,2,3,19,7,PASS,,
tlaplus_examples_FiniteMonotonic/CRDT_proof_TypeCorrect.tla,TypeCorrect,source/tlaplus_examples_FiniteMonotonic/CRDT_proof.tla,True,Structured,3,1,7,7,6,3,PASS,,
tlaplus_examples_KeyValueStore/KeyValueStore_proof_TypeAndLifecycle.tla,TypeAndLifecycle,source/tlaplus_examples_KeyValueStore/KeyValueStore_proof.tla,True,Structured,13,2,14,13,28,13,CHEATING,,
tlaplus_examples_LearnProofs/AddTwo_TypeInvariant.tla,TypeInvariant,source/tlaplus_examples_LearnProofs/AddTwo.tla,True,Structured,4,1,5,5,8,4,PASS,,
tlaplus_examples_LearnProofs/FindHighest_DoneIndexValueThm.tla,DoneIndexValueThm,source/tlaplus_examples_LearnProofs/FindHighest.tla,True,Structured,7,2,10,9,13,7,PASS,,
tlaplus_examples_LearnProofs/FindHighest_InductiveInvariantHolds.tla,InductiveInvariantHolds,source/tlaplus_examples_LearnProofs/FindHighest.tla,True,Structured,7,2,10,10,13,7,PASS,,
tlaplus_examples_LearnProofs/FindHighest_IsCorrect.tla,IsCorrect,source/tlaplus_examples_LearnProofs/FindHighest.tla,True,Structured,2,1,14,7,7,2,PASS,,
tlaplus_examples_LearnProofs/FindHighest_TypeInvariantHolds.tla,TypeInvariantHolds,source/tlaplus_examples_LearnProofs/FindHighest.tla,True,Structured,7,2,8,8,12,7,PASS,,
tlaplus_examples_LoopInvariance/BinarySearch_SortedLess.tla,SortedLess,source/tlaplus_examples_LoopInvariance/BinarySearch.tla,True,Structured,2,1,1,2,3,2,FAIL,,
tlaplus_examples_LoopInvariance/Quicksort_AutomorphismsCompose.tla,AutomorphismsCompose,source/tlaplus_examples_LoopInvariance/Quicksort.tla,True,Direct,0,0,1,1,1,0,PASS,,
tlaplus_examples_LoopInvariance/Quicksort_IntervalMinMax.tla,IntervalMinMax,source/tlaplus_examples_LoopInvariance/Quicksort.tla,True,Direct,0,0,2,2,1,0,PASS,,
tlaplus_examples_LoopInvariance/Quicksort_MaxIsMax.tla,MaxIsMax,source/tlaplus_examples_LoopInvariance/Quicksort.tla,True,Direct,0,0,1,1,1,0,PASS,,
tlaplus_examples_LoopInvariance/Quicksort_MinIsMin.tla,MinIsMin,source/tlaplus_examples_LoopInvariance/Quicksort.tla,True,Direct,0,0,1,1,1,0,PASS,,
tlaplus_examples_LoopInvariance/Quicksort_NonemptyMax.tla,NonemptyMax,source/tlaplus_examples_LoopInvariance/Quicksort.tla,True,Structured,23,4,1,4,36,23,PASS,,
tlaplus_examples_LoopInvariance/Quicksort_NonemptyMin.tla,NonemptyMin,source/tlaplus_examples_LoopInvariance/Quicksort.tla,True,Structured,23,4,1,4,36,23,PASS,,
tlaplus_examples_LoopInvariance/Quicksort_PartitionsLemma.tla,PartitionsLemma,source/tlaplus_examples_LoopInvariance/Quicksort.tla,True,Direct,0,0,5,2,2,0,PASS,,
tlaplus_examples_LoopInvariance/Quicksort_PermsOfLemma.tla,PermsOfLemma,source/tlaplus_examples_LoopInvariance/Quicksort.tla,True,Direct,0,0,3,5,2,0,FAIL,,
tlaplus_examples_LoopInvariance/Quicksort_PermsOfPermsOf.tla,PermsOfPermsOf,source/tlaplus_examples_LoopInvariance/Quicksort.tla,True,Structured,6,1,5,4,17,6,PASS,,
tlaplus_examples_LoopInvariance/SumSequence_FrontDef.tla,FrontDef,source/tlaplus_examples_LoopInvariance/SumSequence.tla,True,Direct,0,0,0,1,1,0,CHEATING,,
tlaplus_examples_LoopInvariance/SumSequence_Lemma1_Proof.tla,Lemma1_Proof,source/tlaplus_examples_LoopInvariance/SumSequence.tla,True,Structured,5,1,1,4,12,5,CHEATING,,
tlaplus_examples_LoopInvariance/SumSequence_Lemma2.tla,Lemma2,source/tlaplus_examples_LoopInvariance/SumSequence.tla,True,Structured,4,1,1,1,7,4,FAIL,,
tlaplus_examples_LoopInvariance/SumSequence_Lemma3.tla,Lemma3,source/tlaplus_examples_LoopInvariance/SumSequence.tla,True,Structured,13,2,2,7,33,13,CHEATING,,
tlaplus_examples_LoopInvariance/SumSequence_Lemma4.tla,Lemma4,source/tlaplus_examples_LoopInvariance/SumSequence.tla,True,Structured,16,2,3,4,32,16,FAIL,,
tlaplus_examples_LoopInvariance/SumSequence_Lemma5_Proof.tla,Lemma5_Proof,source/tlaplus_examples_LoopInvariance/SumSequence.tla,True,Structured,51,5,6,14,138,51,FAIL,,
tlaplus_examples_Majority/MajorityProof_Correctness.tla,Correctness,source/tlaplus_examples_Majority/MajorityProof.tla,True,Structured,21,3,18,16,56,21,FAIL,,
tlaplus_examples_Majority/MajorityProof_OccurrencesOne.tla,OccurrencesOne,source/tlaplus_examples_Majority/MajorityProof.tla,True,Direct,0,0,3,3,3,0,PASS,,
tlaplus_examples_Majority/MajorityProof_OccurrencesPlusOne.tla,OccurrencesPlusOne,source/tlaplus_examples_Majority/MajorityProof.tla,True,Structured,7,2,6,5,21,7,PASS,,
tlaplus_examples_Majority/MajorityProof_OccurrencesType.tla,OccurrencesType,source/tlaplus_examples_Majority/MajorityProof.tla,True,Direct,0,0,4,3,3,0,PASS,,
tlaplus_examples_Majority/MajorityProof_PositionsFinite.tla,PositionsFinite,source/tlaplus_examples_Majority/MajorityProof.tla,True,Direct,0,0,2,6,7,0,PASS,,
tlaplus_examples_Majority/MajorityProof_PositionsOne.tla,PositionsOne,source/tlaplus_examples_Majority/MajorityProof.tla,True,Direct,0,0,1,1,1,0,PASS,,
tlaplus_examples_Majority/MajorityProof_PositionsPlusOne.tla,PositionsPlusOne,source/tlaplus_examples_Majority/MajorityProof.tla,True,Direct,0,0,2,2,1,0,PASS,,
tlaplus_examples_Majority/MajorityProof_PositionsType.tla,PositionsType,source/tlaplus_examples_Majority/MajorityProof.tla,True,Direct,0,0,1,1,1,0,PASS,,
tlaplus_examples_Majority/MajorityProof_TypeCorrect.tla,TypeCorrect,source/tlaplus_examples_Majority/MajorityProof.tla,True,Structured,3,1,5,5,6,3,PASS,,
tlaplus_examples_MisraReachability/ParReachProofs_TypeInvariant.tla,TypeInvariant,source/tlaplus_examples_MisraReachability/ParReachProofs.tla,True,Structured,3,1,11,13,8,3,PASS,,
tlaplus_examples_MisraReachability/ReachabilityProofs_Reachable0.tla,Reachable0,source/tlaplus_examples_MisraReachability/ReachabilityProofs.tla,True,Structured,6,2,3,3,9,6,PASS,,
tlaplus_examples_MisraReachability/ReachabilityProofs_Reachable1.tla,Reachable1,source/tlaplus_examples_MisraReachability/ReachabilityProofs.tla,True,Structured,25,4,4,6,38,25,PASS,,
tlaplus_examples_MisraReachability/ReachabilityProofs_Reachable2.tla,Reachable2,source/tlaplus_examples_MisraReachability/ReachabilityProofs.tla,True,Structured,13,3,4,5,19,13,PASS,,
tlaplus_examples_MisraReachability/ReachabilityProofs_Reachable3.tla,Reachable3,source/tlaplus_examples_MisraReachability/ReachabilityProofs.tla,True,Direct,0,0,3,2,1,0,PASS,,
tlaplus_examples_MisraReachability/ReachableProofs_Thm1.tla,Thm1,source/tlaplus_examples_MisraReachability/ReachableProofs.tla,True,Structured,7,2,8,10,15,7,PASS,,
tlaplus_examples_MisraReachability/ReachableProofs_Thm2.tla,Thm2,source/tlaplus_examples_MisraReachability/ReachableProofs.tla,True,Structured,2,1,15,5,6,2,FAIL,,
tlaplus_examples_MisraReachability/ReachableProofs_Thm3.tla,Thm3,source/tlaplus_examples_MisraReachability/ReachableProofs.tla,True,Structured,20,5,19,13,44,20,FAIL,,
tlaplus_examples_MissionariesAndCannibals/MissionariesAndCannibals_proof_TypeCorrect.tla,TypeCorrect,source/tlaplus_examples_MissionariesAndCannibals/MissionariesAndCannibals_proof.tla,True,Structured,23,3,8,7,40,23,FAIL,,
tlaplus_examples_MultiCarElevator/Elevator_proof_DirectionInElevatorDirectionState.tla,DirectionInElevatorDirectionState,source/tlaplus_examples_MultiCarElevator/Elevator_proof.tla,True,Direct,0,0,2,2,1,0,PASS,,
tlaplus_examples_MultiCarElevator/Elevator_proof_ElevatorCallFields.tla,ElevatorCallFields,source/tlaplus_examples_MultiCarElevator/Elevator_proof.tla,True,Direct,0,0,3,1,1,0,PASS,,
tlaplus_examples_MultiCarElevator/Elevator_proof_GetDirectionType.tla,GetDirectionType,source/tlaplus_examples_MultiCarElevator/Elevator_proof.tla,True,Structured,2,1,2,2,4,2,PASS,,
tlaplus_examples_MultiCarElevator/Elevator_proof_InitImpliesInv1.tla,InitImpliesInv1,source/tlaplus_examples_MultiCarElevator/Elevator_proof.tla,True,Structured,15,3,9,5,22,15,PASS,,
tlaplus_examples_MultiCarElevator/Elevator_proof_InitImpliesInv2.tla,InitImpliesInv2,source/tlaplus_examples_MultiCarElevator/Elevator_proof.tla,True,Structured,25,2,20,11,47,25,PASS,,
tlaplus_examples_MultiCarElevator/Elevator_proof_Inv1Next.tla,Inv1Next,source/tlaplus_examples_MultiCarElevator/Elevator_proof.tla,True,Structured,84,4,28,22,135,84,FAIL,,
tlaplus_examples_MultiCarElevator/Elevator_proof_SafetyCorrect.tla,SafetyCorrect,source/tlaplus_examples_MultiCarElevator/Elevator_proof.tla,True,Structured,2,1,37,4,6,2,PASS,,
tlaplus_examples_MultiCarElevator/Elevator_proof_StationaryInElevatorDirectionState.tla,StationaryInElevatorDirectionState,source/tlaplus_examples_MultiCarElevator/Elevator_proof.tla,True,Direct,0,0,2,1,1,0,PASS,,
tlaplus_examples_MultiCarElevator/Elevator_proof_TypeCorrect.tla,TypeCorrect,source/tlaplus_examples_MultiCarElevator/Elevator_proof.tla,True,Structured,2,1,33,4,6,2,PASS,,
tlaplus_examples_Paxos/Consensus_Invariance.tla,Invariance,source/tlaplus_examples_Paxos/Consensus.tla,True,Structured,6,2,5,7,12,6,PASS,,
tlaplus_examples_Paxos/Consensus_LivenessTheorem.tla,LivenessTheorem,source/tlaplus_examples_Paxos/Consensus.tla,True,Structured,6,2,5,7,13,6,PASS,,
tlaplus_examples_Paxos/Voting_QuorumNonEmpty.tla,QuorumNonEmpty,source/tlaplus_examples_Paxos/Voting.tla,True,Direct,0,0,0,1,2,0,PASS,,
tlaplus_examples_PaxosHowToWinATuringAward/Consensus_Invariance.tla,Invariance,source/tlaplus_examples_PaxosHowToWinATuringAward/Consensus.tla,True,Structured,6,2,5,7,12,6,PASS,,
tlaplus_examples_PaxosHowToWinATuringAward/Voting_Implementation.tla,Implementation,source/tlaplus_examples_PaxosHowToWinATuringAward/Voting.tla,True,Structured,3,1,17,2,7,3,FAIL,,
tlaplus_examples_PaxosHowToWinATuringAward/Voting_Invariance.tla,Invariance,source/tlaplus_examples_PaxosHowToWinATuringAward/Voting.tla,True,Structured,3,1,9,1,6,6,FAIL,,
tlaplus_examples_PaxosHowToWinATuringAward/Voting_proof_AllSafeAtZero_T.tla,AllSafeAtZero_T,source/tlaplus_examples_PaxosHowToWinATuringAward/Voting_proof.tla,True,Direct,0,0,5,1,1,0,PASS,,
tlaplus_examples_PaxosHowToWinATuringAward/Voting_proof_ChoosableThm_T.tla,ChoosableThm_T,source/tlaplus_examples_PaxosHowToWinATuringAward/Voting_proof.tla,True,Structured,3,1,5,2,6,3,PASS,,
tlaplus_examples_PaxosHowToWinATuringAward/Voting_proof_OneValuePerBallotApply.tla,OneValuePerBallotApply,source/tlaplus_examples_PaxosHowToWinATuringAward/Voting_proof.tla,True,Direct,0,0,3,1,1,0,PASS,,
tlaplus_examples_PaxosHowToWinATuringAward/Voting_proof_QuorumIntersect.tla,QuorumIntersect,source/tlaplus_examples_PaxosHowToWinATuringAward/Voting_proof.tla,True,Structured,4,1,0,1,11,4,PASS,,
tlaplus_examples_PaxosHowToWinATuringAward/Voting_proof_QuorumNonEmpty.tla,QuorumNonEmpty,source/tlaplus_examples_PaxosHowToWinATuringAward/Voting_proof.tla,True,Direct,0,0,0,1,2,0,PASS,,
tlaplus_examples_PaxosHowToWinATuringAward/Voting_proof_ShowsSafety_T.tla,ShowsSafety_T,source/tlaplus_examples_PaxosHowToWinATuringAward/Voting_proof.tla,True,Structured,38,3,12,11,104,38,FAIL,,
tlaplus_examples_ReadersWriters/ReadersWriters_proof_SafetyCorrect.tla,SafetyCorrect,source/tlaplus_examples_ReadersWriters/ReadersWriters_proof.tla,True,Structured,6,2,22,7,12,6,PASS,,
tlaplus_examples_ReadersWriters/ReadersWriters_proof_SafetyStep.tla,SafetyStep,source/tlaplus_examples_ReadersWriters/ReadersWriters_proof.tla,True,Structured,90,5,18,21,176,90,PASS,,
tlaplus_examples_ReadersWriters/ReadersWriters_proof_TypeCorrect.tla,TypeCorrect,source/tlaplus_examples_ReadersWriters/ReadersWriters_proof.tla,True,Structured,36,4,19,14,60,36,PASS,,
tlaplus_examples_SpanningTree/SpanTree_proof_TypeCorrect.tla,TypeCorrect,source/tlaplus_examples_SpanningTree/SpanTree_proof.tla,True,Structured,19,3,6,7,38,19,PASS,,
tlaplus_examples_SpecifyingSystems_AsynchronousInterface/AsynchInterface_proof_TypeCorrect.tla,TypeCorrect,source/tlaplus_examples_SpecifyingSystems_AsynchronousInterface/AsynchInterface_proof.tla,True,Structured,3,1,6,6,6,3,PASS,,
tlaplus_examples_SpecifyingSystems_AsynchronousInterface/Channel_proof_TypeCorrect.tla,TypeCorrect,source/tlaplus_examples_SpecifyingSystems_AsynchronousInterface/Channel_proof.tla,True,Structured,3,1,6,6,6,3,PASS,,
tlaplus_examples_SpecifyingSystems_CachingMemory/InternalMemory_proof_InvInductive.tla,InvInductive,source/tlaplus_examples_SpecifyingSystems_CachingMemory/InternalMemory_proof.tla,True,Structured,22,4,10,10,49,22,PASS,,
tlaplus_examples_SpecifyingSystems_CachingMemory/InternalMemory_proof_TypeCorrect.tla,TypeCorrect,source/tlaplus_examples_SpecifyingSystems_CachingMemory/InternalMemory_proof.tla,True,Direct,0,0,11,2,3,0,PASS,,
tlaplus_examples_SpecifyingSystems_FIFO/InnerFIFO_proof_TypeCorrect.tla,TypeCorrect,source/tlaplus_examples_SpecifyingSystems_FIFO/InnerFIFO_proof.tla,True,Structured,11,2,10,10,22,11,PASS,,
tlaplus_examples_SpecifyingSystems_HourClock/HourClock_proof_HCini_Invariant.tla,HCini_Invariant,source/tlaplus_examples_SpecifyingSystems_HourClock/HourClock_proof.tla,True,Structured,3,1,3,3,6,3,PASS,,
tlaplus_examples_SpecifyingSystems_TLC/AlternatingBit_proof_TypeCorrect.tla,TypeCorrect,source/tlaplus_examples_SpecifyingSystems_TLC/AlternatingBit_proof.tla,True,Structured,14,2,18,17,40,14,PASS,,
tlaplus_examples_TeachingConcurrency/SimpleRegular_Correctness.tla,Correctness,source/tlaplus_examples_TeachingConcurrency/SimpleRegular.tla,True,Structured,15,3,13,14,27,15,FAIL,,
tlaplus_examples_TeachingConcurrency/SimpleRegular_Correctness2.tla,Correctness2,source/tlaplus_examples_TeachingConcurrency/SimpleRegular.tla,True,Structured,5,1,13,16,10,5,FAIL,,
tlaplus_examples_TeachingConcurrency/SimpleRegular_proof_InvInvariant.tla,InvInvariant,source/tlaplus_examples_TeachingConcurrency/SimpleRegular_proof.tla,True,Structured,14,3,12,13,25,14,FAIL,,
tlaplus_examples_TeachingConcurrency/SimpleRegular_proof_TypeCorrect.tla,TypeCorrect,source/tlaplus_examples_TeachingConcurrency/SimpleRegular_proof.tla,True,Structured,15,3,12,13,27,15,PASS,,
tlaplus_examples_TeachingConcurrency/Simple_Correctness.tla,Correctness,source/tlaplus_examples_TeachingConcurrency/Simple.tla,True,Structured,10,2,12,13,20,15,FAIL,,
tlaplus_examples_TeachingConcurrency/Simple_Correctness2.tla,Correctness2,source/tlaplus_examples_TeachingConcurrency/Simple.tla,True,Structured,5,1,12,13,9,5,PASS,,
tlaplus_examples_TeachingConcurrency/Simple_proof_InvInvariant.tla,InvInvariant,source/tlaplus_examples_TeachingConcurrency/Simple_proof.tla,True,Structured,4,1,11,12,7,14,PASS,,
tlaplus_examples_TeachingConcurrency/Simple_proof_TypeCorrect.tla,TypeCorrect,source/tlaplus_examples_TeachingConcurrency/Simple_proof.tla,True,Structured,5,1,11,12,9,15,PASS,,
tlaplus_examples_TencentPaxos/TPaxosWithProof_AcceptMsgInv.tla,AcceptMsgInv,source/tlaplus_examples_TencentPaxos/TPaxosWithProof.tla,True,Structured,128,8,31,19,327,128,FAIL,,
tlaplus_examples_TencentPaxos/TPaxosWithProof_Consistent.tla,Consistent,source/tlaplus_examples_TencentPaxos/TPaxosWithProof.tla,True,Structured,11,3,48,11,26,11,FAIL,,
tlaplus_examples_TencentPaxos/TPaxosWithProof_Invariant.tla,Invariant,source/tlaplus_examples_TencentPaxos/TPaxosWithProof.tla,True,Structured,105,7,44,31,241,105,FAIL,,
tlaplus_examples_TencentPaxos/TPaxosWithProof_MaxBigger.tla,MaxBigger,source/tlaplus_examples_TencentPaxos/TPaxosWithProof.tla,True,Direct,0,0,2,2,1,0,PASS,,
tlaplus_examples_TencentPaxos/TPaxosWithProof_MaxTypeOK.tla,MaxTypeOK,source/tlaplus_examples_TencentPaxos/TPaxosWithProof.tla,True,Direct,0,0,3,3,1,0,PASS,,
tlaplus_examples_TencentPaxos/TPaxosWithProof_MsgNotLost.tla,MsgNotLost,source/tlaplus_examples_TencentPaxos/TPaxosWithProof.tla,True,Structured,9,2,17,8,19,9,PASS,,
tlaplus_examples_TencentPaxos/TPaxosWithProof_NoneNotAValue.tla,NoneNotAValue,source/tlaplus_examples_TencentPaxos/TPaxosWithProof.tla,True,Direct,0,0,1,2,2,0,PASS,,
tlaplus_examples_TencentPaxos/TPaxosWithProof_OnMessageAccInv.tla,OnMessageAccInv,source/tlaplus_examples_TencentPaxos/TPaxosWithProof.tla,True,Structured,132,7,22,20,317,132,FAIL,,
tlaplus_examples_TencentPaxos/TPaxosWithProof_OnMessageBiggerProperty.tla,OnMessageBiggerProperty,source/tlaplus_examples_TencentPaxos/TPaxosWithProof.tla,True,Structured,3,1,10,4,7,3,PASS,,
tlaplus_examples_TencentPaxos/TPaxosWithProof_OnMessageMsgInv.tla,OnMessageMsgInv,source/tlaplus_examples_TencentPaxos/TPaxosWithProof.tla,True,Structured,53,5,32,20,120,53,FAIL,,
tlaplus_examples_TencentPaxos/TPaxosWithProof_PrepareMsgInv.tla,PrepareMsgInv,source/tlaplus_examples_TencentPaxos/TPaxosWithProof.tla,True,Structured,65,5,29,16,158,65,FAIL,,
tlaplus_examples_TencentPaxos/TPaxosWithProof_SafeAtStable.tla,SafeAtStable,source/tlaplus_examples_TencentPaxos/TPaxosWithProof.tla,True,Structured,62,4,28,21,160,62,FAIL,,
tlaplus_examples_TencentPaxos/TPaxosWithProof_UpdateStateBiggerProperty.tla,UpdateStateBiggerProperty,source/tlaplus_examples_TencentPaxos/TPaxosWithProof.tla,True,Direct,0,0,8,6,1,0,PASS,,
tlaplus_examples_TencentPaxos/TPaxosWithProof_UpdateStateMsgInv.tla,UpdateStateMsgInv,source/tlaplus_examples_TencentPaxos/TPaxosWithProof.tla,True,Structured,156,7,31,16,366,156,FAIL,,
tlaplus_examples_TencentPaxos/TPaxosWithProof_UpdateStateTypeOKProperty.tla,UpdateStateTypeOKProperty,source/tlaplus_examples_TencentPaxos/TPaxosWithProof.tla,True,Structured,6,1,9,8,9,6,FAIL,,
tlaplus_examples_TencentPaxos/TPaxosWithProof_UpdateStateValue.tla,UpdateStateValue,source/tlaplus_examples_TencentPaxos/TPaxosWithProof.tla,True,Structured,24,3,16,10,47,24,FAIL,,
tlaplus_examples_TencentPaxos/TPaxosWithProof_UpdateStateViewValue.tla,UpdateStateViewValue,source/tlaplus_examples_TencentPaxos/TPaxosWithProof.tla,True,Structured,49,6,16,11,137,49,FAIL,,
tlaplus_examples_TencentPaxos/TPaxosWithProof_VotedInv.tla,VotedInv,source/tlaplus_examples_TencentPaxos/TPaxosWithProof.tla,True,Direct,0,0,11,4,1,0,PASS,,
tlaplus_examples_TencentPaxos/TPaxosWithProof_VotedOnce.tla,VotedOnce,source/tlaplus_examples_TencentPaxos/TPaxosWithProof.tla,True,Direct,0,0,8,2,1,0,PASS,,
tlaplus_examples_Termination/Termination_proof_Invariant1.tla,Invariant1,source/tlaplus_examples_Termination/Termination_proof.tla,True,Structured,18,4,11,10,37,18,PASS,,
tlaplus_examples_Termination/Termination_proof_Invariant2.tla,Invariant2,source/tlaplus_examples_Termination/Termination_proof.tla,True,Structured,57,6,14,15,159,57,FAIL,,
tlaplus_examples_Termination/Termination_proof_Invariant3.tla,Invariant3,source/tlaplus_examples_Termination/Termination_proof.tla,True,Structured,3,1,11,10,8,3,PASS,,
tlaplus_examples_Termination/Termination_proof_TypeCorrect.tla,TypeCorrect,source/tlaplus_examples_Termination/Termination_proof.tla,True,Structured,13,4,9,7,27,13,PASS,,
tlaplus_examples_TwoPhase/TwoPhase_Implementation.tla,Implementation,source/tlaplus_examples_TwoPhase/TwoPhase.tla,True,Structured,9,2,7,7,20,9,PASS,,
tlaplus_examples_allocator/AllocatorImplementation_proof_DropType.tla,DropType,source/tlaplus_examples_allocator/AllocatorImplementation_proof.tla,True,Structured,3,1,3,3,8,3,PASS,,
tlaplus_examples_allocator/AllocatorImplementation_proof_PermSeqsType.tla,PermSeqsType,source/tlaplus_examples_allocator/AllocatorImplementation_proof.tla,True,Structured,24,3,5,13,49,24,PASS,,
tlaplus_examples_allocator/AllocatorImplementation_proof_PermsFnRec.tla,PermsFnRec,source/tlaplus_examples_allocator/AllocatorImplementation_proof.tla,True,Structured,25,4,3,13,61,25,PASS,,
tlaplus_examples_allocator/AllocatorImplementation_proof_PermsRecNonempty.tla,PermsRecNonempty,source/tlaplus_examples_allocator/AllocatorImplementation_proof.tla,True,Structured,5,1,1,1,8,5,PASS,,
tlaplus_examples_allocator/AllocatorImplementation_proof_TypeCorrect.tla,TypeCorrect,source/tlaplus_examples_allocator/AllocatorImplementation_proof.tla,True,Structured,27,3,28,19,68,27,FAIL,,
tlaplus_examples_allocator/SchedulingAllocator_proof_DropType.tla,DropType,source/tlaplus_examples_allocator/SchedulingAllocator_proof.tla,True,Structured,3,1,3,3,8,3,PASS,,
tlaplus_examples_allocator/SchedulingAllocator_proof_Mutex.tla,Mutex,source/tlaplus_examples_allocator/SchedulingAllocator_proof.tla,True,Structured,45,5,26,18,106,45,FAIL,,
tlaplus_examples_allocator/SchedulingAllocator_proof_PermSeqsIsPermsFn.tla,PermSeqsIsPermsFn,source/tlaplus_examples_allocator/SchedulingAllocator_proof.tla,True,Direct,0,0,3,3,2,0,PASS,,
tlaplus_examples_allocator/SchedulingAllocator_proof_PermSeqsType.tla,PermSeqsType,source/tlaplus_examples_allocator/SchedulingAllocator_proof.tla,True,Structured,24,3,6,13,49,24,PASS,,
tlaplus_examples_allocator/SchedulingAllocator_proof_PermsFnRec.tla,PermsFnRec,source/tlaplus_examples_allocator/SchedulingAllocator_proof.tla,True,Structured,25,4,3,13,61,25,PASS,,
tlaplus_examples_allocator/SchedulingAllocator_proof_PermsRecNonempty.tla,PermsRecNonempty,source/tlaplus_examples_allocator/SchedulingAllocator_proof.tla,True,Structured,5,1,1,1,8,5,PASS,,
tlaplus_examples_allocator/SchedulingAllocator_proof_TypeCorrect.tla,TypeCorrect,source/tlaplus_examples_allocator/SchedulingAllocator_proof.tla,True,Structured,23,3,24,15,55,27,PASS,,
tlaplus_examples_allocator/SimpleAllocator_proof_Mutex.tla,Mutex,source/tlaplus_examples_allocator/SimpleAllocator_proof.tla,True,Structured,34,5,11,11,75,45,PASS,,
tlaplus_examples_allocator/SimpleAllocator_proof_TypeCorrect.tla,TypeCorrect,source/tlaplus_examples_allocator/SimpleAllocator_proof.tla,True,Structured,10,2,9,8,19,27,PASS,,
tlaplus_examples_barriers/Barriers_AllProcsInRdv.tla,AllProcsInRdv,source/tlaplus_examples_barriers/Barriers.tla,True,Structured,6,1,3,5,12,6,PASS,,
tlaplus_examples_barriers/Barriers_AllProcsNotInRdv.tla,AllProcsNotInRdv,source/tlaplus_examples_barriers/Barriers.tla,True,Structured,5,1,8,4,11,5,PASS,,
tlaplus_examples_barriers/Barriers_BarrierExclusion.tla,BarrierExclusion,source/tlaplus_examples_barriers/Barriers.tla,True,Direct,0,0,8,2,2,0,PASS,,
tlaplus_examples_barriers/Barriers_BarrierExclusion2.tla,BarrierExclusion2,source/tlaplus_examples_barriers/Barriers.tla,True,Direct,0,0,9,3,2,0,PASS,,
tlaplus_examples_barriers/Barriers_FS_NonEmptySet.tla,FS_NonEmptySet,source/tlaplus_examples_barriers/Barriers.tla,True,Direct,0,0,0,2,3,0,PASS,,
tlaplus_examples_barriers/Barriers_FS_TwoElements.tla,FS_TwoElements,source/tlaplus_examples_barriers/Barriers.tla,True,Structured,11,2,1,3,23,11,PASS,,
tlaplus_examples_barriers/Barriers_FlushInvariant.tla,FlushInvariant,source/tlaplus_examples_barriers/Barriers.tla,True,Structured,61,4,40,33,130,61,FAIL,,
tlaplus_examples_barriers/Barriers_Invariant.tla,Invariant,source/tlaplus_examples_barriers/Barriers.tla,True,Structured,255,5,38,41,623,255,FAIL,,
tlaplus_examples_barriers/Barriers_LockExclusion.tla,LockExclusion,source/tlaplus_examples_barriers/Barriers.tla,True,Structured,21,2,25,21,50,21,PASS,,
tlaplus_examples_barriers/Barriers_ProcSetSubSetsBound.tla,ProcSetSubSetsBound,source/tlaplus_examples_barriers/Barriers.tla,True,Structured,6,1,7,8,14,6,PASS,,
tlaplus_examples_barriers/Barriers_Typing.tla,Typing,source/tlaplus_examples_barriers/Barriers.tla,True,Structured,4,1,22,20,7,4,PASS,,
tlaplus_examples_bcastByz/bcastByz_FCConstraints_TypeOK_IndInv_Unforg_NoBcast.tla,FCConstraints_TypeOK_IndInv_Unforg_NoBcast,source/tlaplus_examples_bcastByz/bcastByz.tla,True,Direct,0,0,6,1,1,0,PASS,,
tlaplus_examples_bcastByz/bcastByz_FCConstraints_TypeOK_IndInv_Unforg_NoBcast_TLC.tla,FCConstraints_TypeOK_IndInv_Unforg_NoBcast_TLC,source/tlaplus_examples_bcastByz/bcastByz.tla,True,Structured,34,3,9,13,84,34,PASS,,
tlaplus_examples_bcastByz/bcastByz_FCConstraints_TypeOK_Init.tla,FCConstraints_TypeOK_Init,source/tlaplus_examples_bcastByz/bcastByz.tla,True,Structured,36,2,9,13,96,36,PASS,,
tlaplus_examples_bcastByz/bcastByz_FCConstraints_TypeOK_InitNoBcast.tla,FCConstraints_TypeOK_InitNoBcast,source/tlaplus_examples_bcastByz/bcastByz.tla,True,Structured,37,2,10,14,96,37,PASS,,
tlaplus_examples_bcastByz/bcastByz_FCConstraints_TypeOK_Next.tla,FCConstraints_TypeOK_Next,source/tlaplus_examples_bcastByz/bcastByz.tla,True,Structured,134,6,14,14,295,134,FAIL,,
tlaplus_examples_bcastByz/bcastByz_FCConstraints_TypeOK_SpecNoBcast.tla,FCConstraints_TypeOK_SpecNoBcast,source/tlaplus_examples_bcastByz/bcastByz.tla,True,Structured,3,1,22,3,8,3,PASS,,
tlaplus_examples_bcastByz/bcastByz_NTFRel.tla,NTFRel,source/tlaplus_examples_bcastByz/bcastByz.tla,True,Direct,0,0,0,1,2,0,PASS,,
tlaplus_examples_bcastByz/bcastByz_ProcProp.tla,ProcProp,source/tlaplus_examples_bcastByz/bcastByz.tla,True,Direct,0,0,2,3,4,,PASS,,
tlaplus_examples_bcastByz/bcastByz_UMFS_CardinalityType.tla,UMFS_CardinalityType,source/tlaplus_examples_bcastByz/bcastByz.tla,True,Structured,6,1,0,2,13,6,PASS,,
tlaplus_examples_bcastByz/bcastByz_Unforg_Step1.tla,Unforg_Step1,source/tlaplus_examples_bcastByz/bcastByz.tla,True,Structured,5,1,12,4,8,5,PASS,,
tlaplus_examples_bcastByz/bcastByz_Unforg_Step2.tla,Unforg_Step2,source/tlaplus_examples_bcastByz/bcastByz.tla,True,Structured,91,7,17,17,174,91,PASS,,
tlaplus_examples_bcastByz/bcastByz_Unforg_Step3.tla,Unforg_Step3,source/tlaplus_examples_bcastByz/bcastByz.tla,True,Structured,7,1,7,2,13,7,PASS,,
tlaplus_examples_bcastByz/bcastByz_Unforg_Step4.tla,Unforg_Step4,source/tlaplus_examples_bcastByz/bcastByz.tla,True,Structured,5,1,27,4,14,5,PASS,,
tlaplus_examples_byihive/VoucherLifeCycle_proof_Spec_TypeOK_Consistent.tla,Spec_TypeOK_Consistent,source/tlaplus_examples_byihive/VoucherLifeCycle_proof.tla,True,Structured,3,1,10,10,6,3,PASS,,
tlaplus_examples_byzpaxos/BPConProof_BMessageLemma.tla,BMessageLemma,source/tlaplus_examples_byzpaxos/BPConProof.tla,True,Structured,2,1,9,5,3,2,PASS,,
tlaplus_examples_byzpaxos/BPConProof_FiniteMsgsLemma.tla,FiniteMsgsLemma,source/tlaplus_examples_byzpaxos/BPConProof.tla,True,Structured,3,1,2,3,11,3,PASS,,
tlaplus_examples_byzpaxos/BPConProof_FiniteSetHasMax.tla,FiniteSetHasMax,source/tlaplus_examples_byzpaxos/BPConProof.tla,True,Structured,7,2,0,3,11,7,PASS,,
tlaplus_examples_byzpaxos/BPConProof_Invariance.tla,Invariance,source/tlaplus_examples_byzpaxos/BPConProof.tla,True,Structured,145,8,64,45,428,145,FAIL,,
tlaplus_examples_byzpaxos/BPConProof_KnowsSafeAtDef.tla,KnowsSafeAtDef,source/tlaplus_examples_byzpaxos/BPConProof.tla,True,Direct,0,0,4,4,1,0,PASS,,
tlaplus_examples_byzpaxos/BPConProof_MaxBallotLemma1.tla,MaxBallotLemma1,source/tlaplus_examples_byzpaxos/BPConProof.tla,True,Structured,4,1,4,2,11,4,PASS,,
tlaplus_examples_byzpaxos/BPConProof_MaxBallotLemma2.tla,MaxBallotLemma2,source/tlaplus_examples_byzpaxos/BPConProof.tla,True,Structured,22,3,5,5,59,22,FAIL,,
tlaplus_examples_byzpaxos/BPConProof_MaxBallotProp.tla,MaxBallotProp,source/tlaplus_examples_byzpaxos/BPConProof.tla,True,Structured,5,2,3,3,11,5,PASS,,
tlaplus_examples_byzpaxos/BPConProof_MsgsLemma.tla,MsgsLemma,source/tlaplus_examples_byzpaxos/BPConProof.tla,True,Structured,65,4,34,26,159,65,FAIL,,
tlaplus_examples_byzpaxos/BPConProof_MsgsTypeLemma.tla,MsgsTypeLemma,source/tlaplus_examples_byzpaxos/BPConProof.tla,True,Direct,0,0,10,7,1,0,PASS,,
tlaplus_examples_byzpaxos/BPConProof_MsgsTypeLemmaPrime.tla,MsgsTypeLemmaPrime,source/tlaplus_examples_byzpaxos/BPConProof.tla,True,Structured,2,1,11,1,5,2,PASS,,
tlaplus_examples_byzpaxos/BPConProof_NextDef.tla,NextDef,source/tlaplus_examples_byzpaxos/BPConProof.tla,True,Structured,4,1,23,11,9,4,PASS,,
tlaplus_examples_byzpaxos/BPConProof_PMaxBalLemma3.tla,PMaxBalLemma3,source/tlaplus_examples_byzpaxos/BPConProof.tla,True,Structured,5,2,14,7,9,5,PASS,,
tlaplus_examples_byzpaxos/BPConProof_PNextDef.tla,PNextDef,source/tlaplus_examples_byzpaxos/BPConProof.tla,True,Structured,3,1,32,6,9,3,FAIL,,
tlaplus_examples_byzpaxos/BPConProof_PmaxBalLemma1.tla,PmaxBalLemma1,source/tlaplus_examples_byzpaxos/BPConProof.tla,True,Direct,0,0,3,2,2,0,PASS,,
tlaplus_examples_byzpaxos/BPConProof_PmaxBalLemma2.tla,PmaxBalLemma2,source/tlaplus_examples_byzpaxos/BPConProof.tla,True,Direct,0,0,3,2,1,0,PASS,,
tlaplus_examples_byzpaxos/BPConProof_PmaxBalLemma4.tla,PmaxBalLemma4,source/tlaplus_examples_byzpaxos/BPConProof.tla,True,Structured,11,2,20,7,23,11,PASS,,
tlaplus_examples_byzpaxos/BPConProof_PmaxBalLemma5.tla,PmaxBalLemma5,source/tlaplus_examples_byzpaxos/BPConProof.tla,True,Direct,0,0,19,4,3,0,PASS,,
tlaplus_examples_byzpaxos/BPConProof_QuorumTheorem.tla,QuorumTheorem,source/tlaplus_examples_byzpaxos/BPConProof.tla,True,Direct,0,0,2,5,3,0,PASS,,
tlaplus_examples_byzpaxos/Consensus_EnabledDef.tla,EnabledDef,source/tlaplus_examples_byzpaxos/Consensus.tla,True,Direct,0,0,2,4,3,0,PASS,,
tlaplus_examples_byzpaxos/Consensus_InductiveInvariance.tla,InductiveInvariance,source/tlaplus_examples_byzpaxos/Consensus.tla,True,Structured,4,1,4,5,9,87,PASS,,
tlaplus_examples_byzpaxos/Consensus_Invariance.tla,Invariance,source/tlaplus_examples_byzpaxos/Consensus.tla,True,Structured,2,1,7,6,6,145,PASS,,
tlaplus_examples_byzpaxos/Consensus_LiveSpecEquals.tla,LiveSpecEquals,source/tlaplus_examples_byzpaxos/Consensus.tla,True,Direct,0,0,6,4,4,0,FAIL,,
tlaplus_examples_byzpaxos/Consensus_Liveness.tla,Liveness,source/tlaplus_examples_byzpaxos/Consensus.tla,True,Structured,5,1,7,6,9,149,FAIL,,
tlaplus_examples_byzpaxos/PConProof_NextDef.tla,NextDef,source/tlaplus_examples_byzpaxos/PConProof.tla,True,Structured,3,1,16,11,10,4,PASS,,
tlaplus_examples_byzpaxos/VoteProof_FiniteSetHasMax.tla,FiniteSetHasMax,source/tlaplus_examples_byzpaxos/VoteProof.tla,True,Structured,7,2,0,3,11,7,PASS,,
tlaplus_examples_byzpaxos/VoteProof_InductiveInvariance.tla,InductiveInvariance,source/tlaplus_examples_byzpaxos/VoteProof.tla,True,Structured,87,7,19,18,209,87,PASS,,
tlaplus_examples_byzpaxos/VoteProof_InitImpliesInv.tla,InitImpliesInv,source/tlaplus_examples_byzpaxos/VoteProof.tla,True,Direct,0,0,11,9,1,0,PASS,,
tlaplus_examples_byzpaxos/VoteProof_Liveness.tla,Liveness,source/tlaplus_examples_byzpaxos/VoteProof.tla,True,Structured,149,7,39,39,286,149,FAIL,,
tlaplus_examples_byzpaxos/VoteProof_NextDef.tla,NextDef,source/tlaplus_examples_byzpaxos/VoteProof.tla,True,Structured,4,1,10,7,8,4,PASS,,
tlaplus_examples_byzpaxos/VoteProof_QuorumNonEmpty.tla,QuorumNonEmpty,source/tlaplus_examples_byzpaxos/VoteProof.tla,True,Direct,0,0,0,1,2,0,PASS,,
tlaplus_examples_byzpaxos/VoteProof_SafeAtProp.tla,SafeAtProp,source/tlaplus_examples_byzpaxos/VoteProof.tla,True,Structured,12,2,4,3,17,12,FAIL,,
tlaplus_examples_byzpaxos/VoteProof_SafeAtPropPrime.tla,SafeAtPropPrime,source/tlaplus_examples_byzpaxos/VoteProof.tla,True,Structured,2,1,5,1,5,2,FAIL,,
tlaplus_examples_byzpaxos/VoteProof_SafeLemma.tla,SafeLemma,source/tlaplus_examples_byzpaxos/VoteProof.tla,True,Structured,22,3,6,6,48,22,FAIL,,
tlaplus_examples_byzpaxos/VoteProof_VT0.tla,VT0,source/tlaplus_examples_byzpaxos/VoteProof.tla,True,Structured,22,4,6,6,46,22,PASS,,
tlaplus_examples_byzpaxos/VoteProof_VT0Prime.tla,VT0Prime,source/tlaplus_examples_byzpaxos/VoteProof.tla,True,Structured,2,1,7,1,5,2,FAIL,,
tlaplus_examples_byzpaxos/VoteProof_VT1.tla,VT1,source/tlaplus_examples_byzpaxos/VoteProof.tla,True,Structured,13,2,11,8,47,13,PASS,,
tlaplus_examples_byzpaxos/VoteProof_VT1Prime.tla,VT1Prime,source/tlaplus_examples_byzpaxos/VoteProof.tla,True,Structured,2,1,12,1,5,2,FAIL,,
tlaplus_examples_byzpaxos/VoteProof_VT2.tla,VT2,source/tlaplus_examples_byzpaxos/VoteProof.tla,True,Direct,0,0,24,3,4,0,PASS,,
tlaplus_examples_byzpaxos/VoteProof_VT3.tla,VT3,source/tlaplus_examples_byzpaxos/VoteProof.tla,True,Structured,28,4,32,19,75,28,FAIL,,
tlaplus_examples_byzpaxos/VoteProof_VT4.tla,VT4,source/tlaplus_examples_byzpaxos/VoteProof.tla,True,Structured,23,4,8,16,64,23,FAIL,,
tlaplus_examples_ewd687a/EWD687a_proof_Invariant1.tla,Invariant1,source/tlaplus_examples_ewd687a/EWD687a_proof.tla,True,Structured,16,3,16,17,35,16,PASS,,
tlaplus_examples_ewd687a/EWD687a_proof_NotAnEdgeNoEdge.tla,NotAnEdgeNoEdge,source/tlaplus_examples_ewd687a/EWD687a_proof.tla,True,Direct,0,0,1,2,2,0,PASS,,
tlaplus_examples_ewd687a/EWD687a_proof_Safety.tla,Safety,source/tlaplus_examples_ewd687a/EWD687a_proof.tla,True,Structured,21,3,22,14,36,21,FAIL,,
tlaplus_examples_ewd687a/EWD687a_proof_Thm_CountersConsistent.tla,Thm_CountersConsistent,source/tlaplus_examples_ewd687a/EWD687a_proof.tla,True,Direct,0,0,17,3,3,0,PASS,,
tlaplus_examples_ewd687a/EWD687a_proof_TreeInvariant.tla,TreeInvariant,source/tlaplus_examples_ewd687a/EWD687a_proof.tla,True,Structured,135,6,20,32,336,135,FAIL,,
tlaplus_examples_ewd687a/EWD687a_proof_TypeCorrect.tla,TypeCorrect,source/tlaplus_examples_ewd687a/EWD687a_proof.tla,True,Direct,0,0,17,2,3,0,PASS,,
tlaplus_examples_ewd840/EWD840_proof_EnabledSystem.tla,EnabledSystem,source/tlaplus_examples_ewd840/EWD840_proof.tla,True,Structured,6,2,7,8,12,6,PASS,,
tlaplus_examples_ewd840/EWD840_proof_Invariant.tla,Invariant,source/tlaplus_examples_ewd840/EWD840_proof.tla,True,Structured,3,1,19,15,7,3,PASS,,
tlaplus_examples_ewd840/EWD840_proof_Live.tla,Live,source/tlaplus_examples_ewd840/EWD840_proof.tla,True,Structured,2,1,23,9,6,5,PASS,,
tlaplus_examples_ewd840/EWD840_proof_Round1.tla,Round1,source/tlaplus_examples_ewd840/EWD840_proof.tla,True,Structured,19,3,17,15,28,19,FAIL,,
tlaplus_examples_ewd840/EWD840_proof_Round2.tla,Round2,source/tlaplus_examples_ewd840/EWD840_proof.tla,True,Structured,25,3,19,17,40,25,FAIL,,
tlaplus_examples_ewd840/EWD840_proof_Round3.tla,Round3,source/tlaplus_examples_ewd840/EWD840_proof.tla,True,Structured,26,3,19,17,40,26,FAIL,,
tlaplus_examples_ewd840/EWD840_proof_Safety.tla,Safety,source/tlaplus_examples_ewd840/EWD840_proof.tla,True,Structured,2,1,22,7,5,2,PASS,,
tlaplus_examples_ewd840/EWD840_proof_SpecLive.tla,SpecLive,source/tlaplus_examples_ewd840/EWD840_proof.tla,True,Direct,0,0,29,4,5,0,PASS,,
tlaplus_examples_ewd840/EWD840_proof_TypeCorrect.tla,TypeCorrect,source/tlaplus_examples_ewd840/EWD840_proof.tla,True,Structured,11,2,17,13,22,11,PASS,,
tlaplus_examples_ewd840/SyncTerminationDetection_proof_CorrectDetection.tla,CorrectDetection,source/tlaplus_examples_ewd840/SyncTerminationDetection_proof.tla,True,Structured,3,1,12,11,7,3,FAIL,,
tlaplus_examples_ewd840/SyncTerminationDetection_proof_Enabled_ST.tla,Enabled_ST,source/tlaplus_examples_ewd840/SyncTerminationDetection_proof.tla,True,Direct,0,0,5,5,2,0,PASS,,
tlaplus_examples_ewd840/SyncTerminationDetection_proof_Live.tla,Live,source/tlaplus_examples_ewd840/SyncTerminationDetection_proof.tla,True,Structured,5,1,13,11,10,5,FAIL,,
tlaplus_examples_ewd840/SyncTerminationDetection_proof_Quiescent.tla,Quiescent,source/tlaplus_examples_ewd840/SyncTerminationDetection_proof.tla,True,Structured,2,1,12,10,4,2,PASS,,
tlaplus_examples_ewd840/SyncTerminationDetection_proof_TypeCorrect.tla,TypeCorrect,source/tlaplus_examples_ewd840/SyncTerminationDetection_proof.tla,True,Structured,3,1,10,9,6,11,PASS,,
tlaplus_examples_ewd998/AsyncTerminationDetection_proof_EnabledDT.tla,EnabledDT,source/tlaplus_examples_ewd998/AsyncTerminationDetection_proof.tla,True,Direct,0,0,5,5,2,0,PASS,,
tlaplus_examples_ewd998/AsyncTerminationDetection_proof_Liveness.tla,Liveness,source/tlaplus_examples_ewd998/AsyncTerminationDetection_proof.tla,True,Structured,5,1,14,12,10,5,FAIL,,
tlaplus_examples_ewd998/AsyncTerminationDetection_proof_Safety.tla,Safety,source/tlaplus_examples_ewd998/AsyncTerminationDetection_proof.tla,True,Structured,4,1,12,11,7,29,PASS,,
tlaplus_examples_ewd998/AsyncTerminationDetection_proof_Stability.tla,Stability,source/tlaplus_examples_ewd998/AsyncTerminationDetection_proof.tla,True,Structured,2,1,12,10,4,2,PASS,,
tlaplus_examples_ewd998/AsyncTerminationDetection_proof_TypeCorrect.tla,TypeCorrect,source/tlaplus_examples_ewd998/AsyncTerminationDetection_proof.tla,True,Structured,4,1,10,11,7,12,FAIL,,
tlaplus_examples_ewd998/EWD998PCal_proof_BagAddDom.tla,BagAddDom,source/tlaplus_examples_ewd998/EWD998PCal_proof.tla,True,Direct,0,0,0,1,1,0,PASS,,
tlaplus_examples_ewd998/EWD998PCal_proof_BagAddOfMsg.tla,BagAddOfMsg,source/tlaplus_examples_ewd998/EWD998PCal_proof.tla,True,Structured,23,4,5,6,45,23,PASS,,
tlaplus_examples_ewd998/EWD998PCal_proof_BagAddPreservesToks.tla,BagAddPreservesToks,source/tlaplus_examples_ewd998/EWD998PCal_proof.tla,True,Structured,18,3,0,1,34,18,PASS,,
tlaplus_examples_ewd998/EWD998PCal_proof_BagAdd_pl_increments.tla,BagAdd_pl_increments,source/tlaplus_examples_ewd998/EWD998PCal_proof.tla,True,Structured,13,2,1,2,30,13,PASS,,
tlaplus_examples_ewd998/EWD998PCal_proof_BagAdd_tok_preserves_pl.tla,BagAdd_tok_preserves_pl,source/tlaplus_examples_ewd998/EWD998PCal_proof.tla,True,Structured,13,2,5,3,27,13,PASS,,
tlaplus_examples_ewd998/EWD998PCal_proof_BagRemoveDom.tla,BagRemoveDom,source/tlaplus_examples_ewd998/EWD998PCal_proof.tla,True,Direct,0,0,0,1,1,0,PASS,,
tlaplus_examples_ewd998/EWD998PCal_proof_BagRemoveOfMsg.tla,BagRemoveOfMsg,source/tlaplus_examples_ewd998/EWD998PCal_proof.tla,True,Structured,26,4,5,6,48,26,PASS,,
tlaplus_examples_ewd998/EWD998PCal_proof_BagRemovePreservesToks.tla,BagRemovePreservesToks,source/tlaplus_examples_ewd998/EWD998PCal_proof.tla,True,Structured,20,3,0,1,39,20,PASS,,
tlaplus_examples_ewd998/EWD998PCal_proof_BagRemove_pl_decrements.tla,BagRemove_pl_decrements,source/tlaplus_examples_ewd998/EWD998PCal_proof.tla,True,Structured,14,2,1,2,25,14,PASS,,
tlaplus_examples_ewd998/EWD998PCal_proof_BagRemove_tok_preserves_pl.tla,BagRemove_tok_preserves_pl,source/tlaplus_examples_ewd998/EWD998PCal_proof.tla,True,Structured,16,2,5,3,31,16,PASS,,
tlaplus_examples_ewd998/EWD998PCal_proof_EmptyBagDom.tla,EmptyBagDom,source/tlaplus_examples_ewd998/EWD998PCal_proof.tla,True,Direct,0,0,0,2,1,0,PASS,,
tlaplus_examples_ewd998/EWD998PCal_proof_InitNetworkOK.tla,InitNetworkOK,source/tlaplus_examples_ewd998/EWD998PCal_proof.tla,True,Structured,33,4,17,15,63,33,PASS,,
tlaplus_examples_ewd998/EWD998PCal_proof_InitNetworkUniqueTok.tla,InitNetworkUniqueTok,source/tlaplus_examples_ewd998/EWD998PCal_proof.tla,True,Structured,8,2,4,4,17,8,PASS,,
tlaplus_examples_ewd998/EWD998PCal_proof_InitPending.tla,InitPending,source/tlaplus_examples_ewd998/EWD998PCal_proof.tla,True,Structured,27,4,12,6,47,27,PASS,,
tlaplus_examples_ewd998/EWD998PCal_proof_InitRefinement.tla,InitRefinement,source/tlaplus_examples_ewd998/EWD998PCal_proof.tla,True,Structured,12,2,16,8,25,12,PASS,,
tlaplus_examples_ewd998/EWD998PCal_proof_InitToken.tla,InitToken,source/tlaplus_examples_ewd998/EWD998PCal_proof.tla,True,Structured,24,4,12,6,41,24,PASS,,
tlaplus_examples_ewd998/EWD998PCal_proof_InitTypeOK.tla,InitTypeOK,source/tlaplus_examples_ewd998/EWD998PCal_proof.tla,True,Structured,8,2,19,4,13,8,PASS,,
tlaplus_examples_ewd998/EWD998PCal_proof_InitiatorIsZero.tla,InitiatorIsZero,source/tlaplus_examples_ewd998/EWD998PCal_proof.tla,True,Direct,0,0,1,1,1,0,PASS,,
tlaplus_examples_ewd998/EWD998PCal_proof_NewTokInMsg.tla,NewTokInMsg,source/tlaplus_examples_ewd998/EWD998PCal_proof.tla,True,Direct,0,0,4,2,1,0,PASS,,
tlaplus_examples_ewd998/EWD998PCal_proof_NodeFact.tla,NodeFact,source/tlaplus_examples_ewd998/EWD998PCal_proof.tla,True,Direct,0,0,1,1,1,0,PASS,,
tlaplus_examples_ewd998/EWD998PCal_proof_PendingIsPlCount.tla,PendingIsPlCount,source/tlaplus_examples_ewd998/EWD998PCal_proof.tla,True,Direct,0,0,3,2,1,0,PASS,,
tlaplus_examples_ewd998/EWD998PCal_proof_PlMsgInMsg.tla,PlMsgInMsg,source/tlaplus_examples_ewd998/EWD998PCal_proof.tla,True,Direct,0,0,4,2,1,0,PASS,,
tlaplus_examples_ewd998/EWD998PCal_proof_SetToBagSingleton.tla,SetToBagSingleton,source/tlaplus_examples_ewd998/EWD998PCal_proof.tla,True,Direct,0,0,0,1,1,0,PASS,,
tlaplus_examples_ewd998/EWD998PCal_proof_TypeCorrect.tla,TypeCorrect,source/tlaplus_examples_ewd998/EWD998PCal_proof.tla,True,Structured,2,1,46,3,6,12,PASS,,
tlaplus_examples_ewd998/EWD998PCal_proof_TypeOK_Step.tla,TypeOK_Step,source/tlaplus_examples_ewd998/EWD998PCal_proof.tla,True,Structured,340,9,35,32,693,340,FAIL,,
tlaplus_examples_ewd998/EWD998_proof_B0NoMessagePending.tla,B0NoMessagePending,source/tlaplus_examples_ewd998/EWD998_proof.tla,True,Structured,7,2,10,4,12,7,FAIL,,
tlaplus_examples_ewd998/EWD998_proof_Detection.tla,Detection,source/tlaplus_examples_ewd998/EWD998_proof.tla,True,Structured,8,2,19,14,15,8,FAIL,,
tlaplus_examples_ewd998/EWD998_proof_EnabledAtMaster.tla,EnabledAtMaster,source/tlaplus_examples_ewd998/EWD998_proof.tla,True,Structured,19,5,23,17,45,19,FAIL,,
tlaplus_examples_ewd998/EWD998_proof_EnabledSystem.tla,EnabledSystem,source/tlaplus_examples_ewd998/EWD998_proof.tla,True,Structured,4,1,8,8,9,4,FAIL,,
tlaplus_examples_ewd998/EWD998_proof_Invariance.tla,Invariance,source/tlaplus_examples_ewd998/EWD998_proof.tla,True,Structured,131,8,32,26,318,131,FAIL,,
tlaplus_examples_ewd998/EWD998_proof_Live.tla,Live,source/tlaplus_examples_ewd998/EWD998_proof.tla,True,Direct,0,0,43,6,6,0,FAIL,,
tlaplus_examples_ewd998/EWD998_proof_NodeIsFinite.tla,NodeIsFinite,source/tlaplus_examples_ewd998/EWD998_proof.tla,True,Direct,0,0,1,2,2,0,FAIL,,
tlaplus_examples_ewd998/EWD998_proof_NodeIsNode.tla,NodeIsNode,source/tlaplus_examples_ewd998/EWD998_proof.tla,True,Direct,0,0,1,1,1,0,CHEATING,,
tlaplus_examples_ewd998/EWD998_proof_PlusACI.tla,PlusACI,source/tlaplus_examples_ewd998/EWD998_proof.tla,True,Direct,0,0,3,3,1,0,FAIL,,
tlaplus_examples_ewd998/EWD998_proof_Refinement.tla,Refinement,source/tlaplus_examples_ewd998/EWD998_proof.tla,True,Structured,46,4,54,33,121,46,FAIL,,
tlaplus_examples_ewd998/EWD998_proof_Round1.tla,Round1,source/tlaplus_examples_ewd998/EWD998_proof.tla,True,Structured,21,3,28,20,31,21,FAIL,,
tlaplus_examples_ewd998/EWD998_proof_Round2.tla,Round2,source/tlaplus_examples_ewd998/EWD998_proof.tla,True,Structured,30,3,36,22,44,30,FAIL,,
tlaplus_examples_ewd998/EWD998_proof_Round3.tla,Round3,source/tlaplus_examples_ewd998/EWD998_proof.tla,True,Structured,41,5,38,29,66,41,FAIL,,
tlaplus_examples_ewd998/EWD998_proof_Safety.tla,Safety,source/tlaplus_examples_ewd998/EWD998_proof.tla,True,Structured,29,5,13,11,58,29,CHEATING,,
tlaplus_examples_ewd998/EWD998_proof_SpecLive.tla,SpecLive,source/tlaplus_examples_ewd998/EWD998_proof.tla,True,Direct,0,0,51,4,5,0,FAIL,,
tlaplus_examples_ewd998/EWD998_proof_SumEmpty.tla,SumEmpty,source/tlaplus_examples_ewd998/EWD998_proof.tla,True,Direct,0,0,2,2,3,0,CHEATING,,
tlaplus_examples_ewd998/EWD998_proof_SumIsInt.tla,SumIsInt,source/tlaplus_examples_ewd998/EWD998_proof.tla,True,Direct,0,0,4,3,4,0,FAIL,,
tlaplus_examples_ewd998/EWD998_proof_SumIsNat.tla,SumIsNat,source/tlaplus_examples_ewd998/EWD998_proof.tla,True,Direct,0,0,4,10,5,0,FAIL,,
tlaplus_examples_ewd998/EWD998_proof_SumSingleton.tla,SumSingleton,source/tlaplus_examples_ewd998/EWD998_proof.tla,True,Direct,0,0,4,2,4,0,FAIL,,
tlaplus_examples_ewd998/EWD998_proof_SumZero.tla,SumZero,source/tlaplus_examples_ewd998/EWD998_proof.tla,True,Structured,11,2,6,7,21,11,FAIL,,
tlaplus_examples_ewd998/EWD998_proof_TerminationDetectionInv.tla,TerminationDetectionInv,source/tlaplus_examples_ewd998/EWD998_proof.tla,True,Structured,4,1,38,5,13,4,FAIL,,
tlaplus_examples_ewd998/EWD998_proof_TypeCorrect.tla,TypeCorrect,source/tlaplus_examples_ewd998/EWD998_proof.tla,True,Structured,12,2,18,14,25,12,PASS,,
tlaplus_examples_glowingRaccoon/clean_proof_NatMinNat.tla,NatMinNat,source/tlaplus_examples_glowingRaccoon/clean_proof.tla,True,Direct,0,0,1,1,1,0,PASS,,
tlaplus_examples_glowingRaccoon/clean_proof_Preservation.tla,Preservation,source/tlaplus_examples_glowingRaccoon/clean_proof.tla,True,Structured,37,4,12,13,80,37,FAIL,,
tlaplus_examples_glowingRaccoon/clean_proof_PrimerPositive.tla,PrimerPositive,source/tlaplus_examples_glowingRaccoon/clean_proof.tla,True,Structured,2,1,13,3,5,2,PASS,,
tlaplus_examples_glowingRaccoon/clean_proof_TypeCorrect.tla,TypeCorrect,source/tlaplus_examples_glowingRaccoon/clean_proof.tla,True,Structured,20,3,11,12,46,20,PASS,,
tlaplus_examples_glowingRaccoon/stages_proof_NatMinNat.tla,NatMinNat,source/tlaplus_examples_glowingRaccoon/stages_proof.tla,True,Direct,0,0,1,1,1,0,PASS,,
tlaplus_examples_glowingRaccoon/stages_proof_TypeCorrect.tla,TypeCorrect,source/tlaplus_examples_glowingRaccoon/stages_proof.tla,True,Structured,19,3,11,12,43,20,FAIL,,
tlaplus_examples_lamport_mutex/LamportMutex_proofs_AtMostOneHead.tla,AtMostOneHead,source/tlaplus_examples_lamport_mutex/LamportMutex_proofs.tla,True,Direct,0,0,2,2,1,0,PASS,,
tlaplus_examples_lamport_mutex/LamportMutex_proofs_AtMostOneSend.tla,AtMostOneSend,source/tlaplus_examples_lamport_mutex/LamportMutex_proofs.tla,True,Direct,0,0,1,1,1,0,PASS,,
tlaplus_examples_lamport_mutex/LamportMutex_proofs_AtMostOneTail.tla,AtMostOneTail,source/tlaplus_examples_lamport_mutex/LamportMutex_proofs.tla,True,Direct,0,0,1,1,1,0,PASS,,
tlaplus_examples_lamport_mutex/LamportMutex_proofs_BasicInvariant.tla,BasicInvariant,source/tlaplus_examples_lamport_mutex/LamportMutex_proofs.tla,True,Structured,131,7,38,36,298,131,FAIL,,
tlaplus_examples_lamport_mutex/LamportMutex_proofs_BoundedFromAtMostOne.tla,BoundedFromAtMostOne,source/tlaplus_examples_lamport_mutex/LamportMutex_proofs.tla,True,Structured,12,1,7,2,18,12,PASS,,
tlaplus_examples_lamport_mutex/LamportMutex_proofs_BoundedNetworkInv.tla,BoundedNetworkInv,source/tlaplus_examples_lamport_mutex/LamportMutex_proofs.tla,True,Structured,6,2,42,7,12,6,PASS,,
tlaplus_examples_lamport_mutex/LamportMutex_proofs_BroadcastType.tla,BroadcastType,source/tlaplus_examples_lamport_mutex/LamportMutex_proofs.tla,True,Direct,0,0,2,1,1,0,PASS,,
tlaplus_examples_lamport_mutex/LamportMutex_proofs_ClockInvariant.tla,ClockInvariant,source/tlaplus_examples_lamport_mutex/LamportMutex_proofs.tla,True,Structured,129,6,42,35,313,129,PASS,,
tlaplus_examples_lamport_mutex/LamportMutex_proofs_ContainsSend.tla,ContainsSend,source/tlaplus_examples_lamport_mutex/LamportMutex_proofs.tla,True,Direct,0,0,1,1,1,0,PASS,,
tlaplus_examples_lamport_mutex/LamportMutex_proofs_ContainsTail.tla,ContainsTail,source/tlaplus_examples_lamport_mutex/LamportMutex_proofs.tla,True,Structured,3,1,2,2,7,3,PASS,,
tlaplus_examples_lamport_mutex/LamportMutex_proofs_MessageTypeInThree.tla,MessageTypeInThree,source/tlaplus_examples_lamport_mutex/LamportMutex_proofs.tla,True,Direct,0,0,5,4,1,0,PASS,,
tlaplus_examples_lamport_mutex/LamportMutex_proofs_NotContainsAtMostOne.tla,NotContainsAtMostOne,source/tlaplus_examples_lamport_mutex/LamportMutex_proofs.tla,True,Direct,0,0,2,2,1,0,PASS,,
tlaplus_examples_lamport_mutex/LamportMutex_proofs_NotContainsPrecedes.tla,NotContainsPrecedes,source/tlaplus_examples_lamport_mutex/LamportMutex_proofs.tla,True,Direct,0,0,2,2,1,0,PASS,,
tlaplus_examples_lamport_mutex/LamportMutex_proofs_NotContainsSend.tla,NotContainsSend,source/tlaplus_examples_lamport_mutex/LamportMutex_proofs.tla,True,Direct,0,0,2,2,1,0,PASS,,
tlaplus_examples_lamport_mutex/LamportMutex_proofs_PrecedesHead.tla,PrecedesHead,source/tlaplus_examples_lamport_mutex/LamportMutex_proofs.tla,True,Structured,4,1,2,2,8,4,PASS,,
tlaplus_examples_lamport_mutex/LamportMutex_proofs_PrecedesInTail.tla,PrecedesInTail,source/tlaplus_examples_lamport_mutex/LamportMutex_proofs.tla,True,Structured,6,2,1,1,10,6,PASS,,
tlaplus_examples_lamport_mutex/LamportMutex_proofs_PrecedesSend.tla,PrecedesSend,source/tlaplus_examples_lamport_mutex/LamportMutex_proofs.tla,True,Structured,3,1,1,1,7,3,PASS,,
tlaplus_examples_lamport_mutex/LamportMutex_proofs_PrecedesTail.tla,PrecedesTail,source/tlaplus_examples_lamport_mutex/LamportMutex_proofs.tla,True,Structured,4,1,1,1,6,4,PASS,,
tlaplus_examples_lamport_mutex/LamportMutex_proofs_Safety.tla,Safety,source/tlaplus_examples_lamport_mutex/LamportMutex_proofs.tla,True,Structured,7,2,44,12,11,7,PASS,,
tlaplus_examples_lamport_mutex/LamportMutex_proofs_TypeCorrect.tla,TypeCorrect,source/tlaplus_examples_lamport_mutex/LamportMutex_proofs.tla,True,Structured,25,3,20,16,53,25,CHEATING,,
tlaplus_examples_locks_auxiliary_vars/LockHS_AddingVariables.tla,AddingVariables,source/tlaplus_examples_locks_auxiliary_vars/LockHS.tla,True,Structured,12,2,28,18,23,12,PASS,,
tlaplus_examples_locks_auxiliary_vars/LockHS_IndInvHS.tla,IndInvHS,source/tlaplus_examples_locks_auxiliary_vars/LockHS.tla,True,Structured,34,4,35,24,81,34,PASS,,
tlaplus_examples_locks_auxiliary_vars/LockHS_MutualExclusionHS.tla,MutualExclusionHS,source/tlaplus_examples_locks_auxiliary_vars/LockHS.tla,True,Direct,0,0,33,2,3,0,PASS,,
tlaplus_examples_locks_auxiliary_vars/LockHS_TypingHS.tla,TypingHS,source/tlaplus_examples_locks_auxiliary_vars/LockHS.tla,True,Structured,12,2,19,17,22,12,PASS,,
tlaplus_examples_locks_auxiliary_vars/Lock_MutualExclusion.tla,MutualExclusion,source/tlaplus_examples_locks_auxiliary_vars/Lock.tla,True,Structured,11,2,14,14,23,11,FAIL,,
tlaplus_examples_locks_auxiliary_vars/Lock_Typing.tla,Typing,source/tlaplus_examples_locks_auxiliary_vars/Lock.tla,True,Structured,3,1,11,10,6,4,PASS,,
tlaplus_examples_locks_auxiliary_vars/Peterson_IndInvariant.tla,IndInvariant,source/tlaplus_examples_locks_auxiliary_vars/Peterson.tla,True,Structured,14,2,20,17,29,14,PASS,,
tlaplus_examples_locks_auxiliary_vars/Peterson_Refinement.tla,Refinement,source/tlaplus_examples_locks_auxiliary_vars/Peterson.tla,True,Structured,14,2,23,23,30,14,FAIL,,
tlaplus_examples_locks_auxiliary_vars/Peterson_Typing.tla,Typing,source/tlaplus_examples_locks_auxiliary_vars/Peterson.tla,True,Structured,4,1,17,14,6,4,PASS,,
tlaplus_examples_spanning/spanning_proof_SntMsgInv.tla,SntMsgInv,source/tlaplus_examples_spanning/spanning_proof.tla,True,Structured,4,1,13,7,9,4,PASS,,
tlaplus_examples_spanning/spanning_proof_SntMsgStep.tla,SntMsgStep,source/tlaplus_examples_spanning/spanning_proof.tla,True,Structured,67,5,10,11,107,67,FAIL,,
tlaplus_examples_sums_even/sums_even_T1.tla,T1,source/tlaplus_examples_sums_even/sums_even.tla,True,Structured,17,2,2,3,19,17,PASS,,
tlaplus_examples_tcp/tcp_proof_IndInvInit.tla,IndInvInit,source/tlaplus_examples_tcp/tcp_proof.tla,True,Structured,10,1,15,11,21,10,FAIL,,
tlaplus_examples_tcp/tcp_proof_IndInvIsInductive.tla,IndInvIsInductive,source/tlaplus_examples_tcp/tcp_proof.tla,True,Structured,14,2,50,10,29,14,PASS,,
tlaplus_examples_tcp/tcp_proof_IndInvReset.tla,IndInvReset,source/tlaplus_examples_tcp/tcp_proof.tla,True,Structured,239,6,21,18,453,239,PASS,,
tlaplus_examples_tcp/tcp_proof_IndInvStutter.tla,IndInvStutter,source/tlaplus_examples_tcp/tcp_proof.tla,True,Structured,4,1,15,12,4,4,PASS,,
tlaplus_examples_tcp/tcp_proof_IndInvSystem.tla,IndInvSystem,source/tlaplus_examples_tcp/tcp_proof.tla,True,Structured,1433,7,31,29,2780,1433,FAIL,,
tlaplus_examples_tcp/tcp_proof_IndInvUser.tla,IndInvUser,source/tlaplus_examples_tcp/tcp_proof.tla,True,Structured,601,6,26,23,910,601,FAIL,,
tlaplus_examples_tcp/tcp_proof_InvInit.tla,InvInit,source/tlaplus_examples_tcp/tcp_proof.tla,True,Structured,3,1,2,2,4,3,PASS,,
tlaplus_examples_tcp/tcp_proof_InvIsAB.tla,InvIsAB,source/tlaplus_examples_tcp/tcp_proof.tla,True,Direct,0,0,4,2,2,0,PASS,,
tlaplus_examples_tcp/tcp_proof_NetworkType.tla,NetworkType,source/tlaplus_examples_tcp/tcp_proof.tla,True,Direct,0,0,3,2,1,0,PASS,,
tlaplus_examples_tcp/tcp_proof_PeersAB.tla,PeersAB,source/tlaplus_examples_tcp/tcp_proof.tla,True,Structured,26,3,2,8,57,26,PASS,,
tlaplus_examples_tcp/tcp_proof_PrefixOneNonEmpty.tla,PrefixOneNonEmpty,source/tlaplus_examples_tcp/tcp_proof.tla,True,Structured,9,2,1,4,18,9,PASS,,
tlaplus_examples_tcp/tcp_proof_PrefixTwoNonEmpty.tla,PrefixTwoNonEmpty,source/tlaplus_examples_tcp/tcp_proof.tla,True,Structured,5,1,0,1,11,5,PASS,,
tlaplus_examples_tcp/tcp_proof_SpecImpliesIndInv.tla,SpecImpliesIndInv,source/tlaplus_examples_tcp/tcp_proof.tla,True,Structured,3,1,54,3,8,3,PASS,,
tlaplus_examples_tcp/tcp_proof_SpecImpliesInv.tla,SpecImpliesInv,source/tlaplus_examples_tcp/tcp_proof.tla,True,Structured,3,1,55,2,7,3,PASS,,
tlaplus_examples_tcp/tcp_proof_TypeCorrect.tla,TypeCorrect,source/tlaplus_examples_tcp/tcp_proof.tla,True,Structured,2,1,33,5,5,2,PASS,,
tlaplus_examples_tcp/tcp_proof_TypeOKInductive.tla,TypeOKInductive,source/tlaplus_examples_tcp/tcp_proof.tla,True,Structured,116,4,30,30,234,116,FAIL,,
tlaplus_examples_transaction_commit/PaxosCommit_proof_InitInv.tla,InitInv,source/tlaplus_examples_transaction_commit/PaxosCommit_proof.tla,True,Structured,8,1,6,7,12,8,PASS,,
tlaplus_examples_transaction_commit/PaxosCommit_proof_MajorityNonEmpty.tla,MajorityNonEmpty,source/tlaplus_examples_transaction_commit/PaxosCommit_proof.tla,True,Direct,0,0,0,1,2,0,PASS,,
tlaplus_examples_transaction_commit/PaxosCommit_proof_MaxFnRec.tla,MaxFnRec,source/tlaplus_examples_transaction_commit/PaxosCommit_proof.tla,True,Structured,22,3,2,12,49,22,PASS,,
tlaplus_examples_transaction_commit/PaxosCommit_proof_MaximumIsMaxFn.tla,MaximumIsMaxFn,source/tlaplus_examples_transaction_commit/PaxosCommit_proof.tla,True,Direct,0,0,3,3,2,0,PASS,,
tlaplus_examples_transaction_commit/PaxosCommit_proof_MaximumProp.tla,MaximumProp,source/tlaplus_examples_transaction_commit/PaxosCommit_proof.tla,True,Structured,69,7,5,7,144,69,FAIL,,
tlaplus_examples_transaction_commit/PaxosCommit_proof_NextInv.tla,NextInv,source/tlaplus_examples_transaction_commit/PaxosCommit_proof.tla,True,Structured,103,5,26,23,226,103,FAIL,,
tlaplus_examples_transaction_commit/PaxosCommit_proof_TypeOK_Init.tla,TypeOK_Init,source/tlaplus_examples_transaction_commit/PaxosCommit_proof.tla,True,Direct,0,0,31,1,3,0,PASS,,
tlaplus_examples_transaction_commit/PaxosCommit_proof_TypeOK_Invariant.tla,TypeOK_Invariant,source/tlaplus_examples_transaction_commit/PaxosCommit_proof.tla,True,Structured,4,1,30,5,10,4,PASS,,
tlaplus_examples_transaction_commit/TCommit_proof_TCorrect.tla,TCorrect,source/tlaplus_examples_transaction_commit/TCommit_proof.tla,True,Structured,9,2,10,10,16,9,PASS,,
tlaplus_examples_transaction_commit/TwoPhase_proof_Consistency.tla,Consistency,source/tlaplus_examples_transaction_commit/TwoPhase_proof.tla,True,Structured,2,1,18,6,5,2,PASS,,
tlaplus_examples_transaction_commit/TwoPhase_proof_InvInductive.tla,InvInductive,source/tlaplus_examples_transaction_commit/TwoPhase_proof.tla,True,Structured,14,2,16,16,31,14,PASS,,
tlaplus_examples_transaction_commit/TwoPhase_proof_TypeCorrect.tla,TypeCorrect,source/tlaplus_examples_transaction_commit/TwoPhase_proof.tla,True,Structured,14,2,12,12,31,14,PASS,,
